// '00_back', 56x80px
const unsigned char epd_bitmap_00_back [] PROGMEM = {
	0x00, 0x00, 0x00, 0x00, 0x00, 0x00, 0x00, 0x1f, 0xff, 0xff, 0xff, 0xff, 0xff, 0xf8, 0x3f, 0xff, 
	0xff, 0xff, 0xff, 0xff, 0xfc, 0x7f, 0xff, 0xff, 0xff, 0xff, 0xff, 0xfe, 0x78, 0x00, 0x00, 0x00, 
	0x00, 0x00, 0x1e, 0x70, 0x00, 0x00, 0x00, 0x00, 0x00, 0x0e, 0x63, 0x6d, 0xb6, 0xdb, 0x6d, 0xb6, 
	0xc6, 0x64, 0x92, 0x49, 0x24, 0x92, 0x49, 0x26, 0x64, 0x92, 0x49, 0x24, 0x92, 0x49, 0x26, 0x63, 
	0x6d, 0xb6, 0xdb, 0x6d, 0xb6, 0xc6, 0x64, 0x92, 0x49, 0x24, 0x92, 0x49, 0x26, 0x64, 0x92, 0x49, 
	0x24, 0x92, 0x49, 0x26, 0x63, 0x6d, 0xb6, 0xdb, 0x6d, 0xb6, 0xc6, 0x64, 0x92, 0x49, 0x24, 0x92, 
	0x49, 0x26, 0x64, 0x92, 0x49, 0x24, 0x92, 0x49, 0x26, 0x63, 0x6d, 0xb6, 0xdb, 0x6d, 0xb6, 0xc6, 
	0x64, 0x92, 0x49, 0x24, 0x92, 0x49, 0x26, 0x64, 0x92, 0x49, 0x24, 0x92, 0x49, 0x26, 0x63, 0x6d, 
	0xb6, 0xdb, 0x6d, 0xb6, 0xc6, 0x64, 0x92, 0x49, 0x24, 0x92, 0x49, 0x26, 0x64, 0x92, 0x49, 0x24, 
	0x92, 0x49, 0x26, 0x63, 0x6d, 0xb6, 0xdb, 0x6d, 0xb6, 0xc6, 0x64, 0x92, 0x49, 0x24, 0x92, 0x49, 
	0x26, 0x64, 0x92, 0x49, 0x24, 0x92, 0x49, 0x26, 0x63, 0x6d, 0xb6, 0xdb, 0x6d, 0xb6, 0xc6, 0x64, 
	0x92, 0x49, 0x24, 0x92, 0x49, 0x26, 0x64, 0x92, 0x49, 0x24, 0x92, 0x49, 0x26, 0x63, 0x6d, 0xb6, 
	0xdb, 0x6d, 0xb6, 0xc6, 0x64, 0x92, 0x49, 0x24, 0x92, 0x49, 0x26, 0x64, 0x92, 0x49, 0x24, 0x92, 
	0x49, 0x26, 0x63, 0x6d, 0xb6, 0xdb, 0x6d, 0xb6, 0xc6, 0x64, 0x92, 0x49, 0x24, 0x92, 0x49, 0x26, 
	0x64, 0x92, 0x49, 0x24, 0x92, 0x49, 0x26, 0x63, 0x6d, 0xb6, 0xdb, 0x6d, 0xb6, 0xc6, 0x64, 0x92, 
	0x49, 0x24, 0x92, 0x49, 0x26, 0x64, 0x92, 0x49, 0x24, 0x92, 0x49, 0x26, 0x63, 0x6d, 0xb6, 0xdb, 
	0x6d, 0xb6, 0xc6, 0x64, 0x92, 0x49, 0x24, 0x92, 0x49, 0x26, 0x64, 0x92, 0x49, 0x24, 0x92, 0x49, 
	0x26, 0x63, 0x6d, 0xb6, 0xdb, 0x6d, 0xb6, 0xc6, 0x64, 0x92, 0x49, 0x24, 0x92, 0x49, 0x26, 0x64, 
	0x92, 0x49, 0x24, 0x92, 0x49, 0x26, 0x63, 0x6d, 0xb6, 0xdb, 0x6d, 0xb6, 0xc6, 0x64, 0x92, 0x49, 
	0x24, 0x92, 0x49, 0x26, 0x64, 0x92, 0x49, 0x24, 0x92, 0x49, 0x26, 0x63, 0x6d, 0xb6, 0xdb, 0x6d, 
	0xb6, 0xc6, 0x64, 0x92, 0x49, 0x24, 0x92, 0x49, 0x26, 0x64, 0x92, 0x49, 0x24, 0x92, 0x49, 0x26, 
	0x63, 0x6d, 0xb6, 0xdb, 0x6d, 0xb6, 0xc6, 0x64, 0x92, 0x49, 0x24, 0x92, 0x49, 0x26, 0x64, 0x92, 
	0x49, 0x24, 0x92, 0x49, 0x26, 0x63, 0x6d, 0xb6, 0xdb, 0x6d, 0xb6, 0xc6, 0x64, 0x92, 0x49, 0x24, 
	0x92, 0x49, 0x26, 0x64, 0x92, 0x49, 0x24, 0x92, 0x49, 0x26, 0x63, 0x6d, 0xb6, 0xdb, 0x6d, 0xb6, 
	0xc6, 0x64, 0x92, 0x49, 0x24, 0x92, 0x49, 0x26, 0x64, 0x92, 0x49, 0x24, 0x92, 0x49, 0x26, 0x63, 
	0x6d, 0xb6, 0xdb, 0x6d, 0xb6, 0xc6, 0x64, 0x92, 0x49, 0x24, 0x92, 0x49, 0x26, 0x64, 0x92, 0x49, 
	0x24, 0x92, 0x49, 0x26, 0x63, 0x6d, 0xb6, 0xdb, 0x6d, 0xb6, 0xc6, 0x64, 0x92, 0x49, 0x24, 0x92, 
	0x49, 0x26, 0x64, 0x92, 0x49, 0x24, 0x92, 0x49, 0x26, 0x63, 0x6d, 0xb6, 0xdb, 0x6d, 0xb6, 0xc6, 
	0x64, 0x92, 0x49, 0x24, 0x92, 0x49, 0x26, 0x64, 0x92, 0x49, 0x24, 0x92, 0x49, 0x26, 0x63, 0x6d, 
	0xb6, 0xdb, 0x6d, 0xb6, 0xc6, 0x64, 0x92, 0x49, 0x24, 0x92, 0x49, 0x26, 0x64, 0x92, 0x49, 0x24, 
	0x92, 0x49, 0x26, 0x63, 0x6d, 0xb6, 0xdb, 0x6d, 0xb6, 0xc6, 0x64, 0x92, 0x49, 0x24, 0x92, 0x49, 
	0x26, 0x64, 0x92, 0x49, 0x24, 0x92, 0x49, 0x26, 0x63, 0x6d, 0xb6, 0xdb, 0x6d, 0xb6, 0xc6, 0x70, 
	0x00, 0x00, 0x00, 0x00, 0x00, 0x0e, 0x78, 0x00, 0x00, 0x00, 0x00, 0x00, 0x1e, 0x7f, 0xff, 0xff, 
	0xff, 0xff, 0xff, 0xfe, 0x7f, 0xff, 0xff, 0xff, 0xff, 0xff, 0xfe, 0x3f, 0xff, 0xff, 0xff, 0xff, 
	0xff, 0xfc, 0x1f, 0xff, 0xff, 0xff, 0xff, 0xff, 0xf8, 0x00, 0x00, 0x00, 0x00, 0x00, 0x00, 0x00
};
// '01_clubs_ace', 56x80px
const unsigned char epd_bitmap_01_clubs_ace [] PROGMEM = {
	0x00, 0x00, 0x00, 0x00, 0x00, 0x00, 0x00, 0x1f, 0xff, 0xff, 0xff, 0xff, 0xff, 0xf8, 0x3f, 0xff, 
	0xff, 0xff, 0xff, 0xff, 0xfc, 0x7f, 0xff, 0xff, 0xff, 0xff, 0xff, 0xfe, 0x71, 0xff, 0xff, 0xff, 
	0xff, 0xff, 0xfe, 0x6e, 0xff, 0xff, 0xff, 0xff, 0xff, 0xfe, 0x6e, 0xff, 0xff, 0xff, 0xff, 0xff, 
	0xfe, 0x60, 0xff, 0xff, 0xff, 0xff, 0xff, 0xfe, 0x6e, 0xff, 0xff, 0xff, 0xff, 0xff, 0xfe, 0x6e, 
	0xff, 0xff, 0xff, 0xff, 0xff, 0xfe, 0x6e, 0xff, 0xff, 0xff, 0xff, 0xff, 0xfe, 0x7f, 0xff, 0xff, 
	0xff, 0xff, 0xff, 0xfe, 0x7b, 0xff, 0xff, 0xff, 0xff, 0xff, 0xfe, 0x71, 0xff, 0xff, 0xff, 0xff, 
	0xff, 0xfe, 0x64, 0xff, 0xff, 0xff, 0xff, 0xff, 0xfe, 0x71, 0xff, 0xff, 0xff, 0xff, 0xff, 0xfe, 
	0x7b, 0xff, 0xff, 0xff, 0xff, 0xff, 0xfe, 0x71, 0xff, 0xff, 0xff, 0xff, 0xff, 0xfe, 0x7f, 0xff, 
	0xff, 0xff, 0xff, 0xff, 0xfe, 0x7f, 0xff, 0xff, 0xff, 0xff, 0xff, 0xfe, 0x7f, 0xff, 0xff, 0xff, 
	0xff, 0xff, 0xfe, 0x7f, 0xff, 0xff, 0xff, 0xff, 0xff, 0xfe, 0x7f, 0xff, 0xff, 0xff, 0xff, 0xff, 
	0xfe, 0x7f, 0xff, 0xff, 0xff, 0xff, 0xff, 0xfe, 0x7f, 0xff, 0xff, 0x81, 0xff, 0xff, 0xfe, 0x7f, 
	0xff, 0xff, 0x00, 0xff, 0xff, 0xfe, 0x7f, 0xff, 0xfe, 0x00, 0x7f, 0xff, 0xfe, 0x7f, 0xff, 0xfc, 
	0x00, 0x3f, 0xff, 0xfe, 0x7f, 0xff, 0xf8, 0x00, 0x1f, 0xff, 0xfe, 0x7f, 0xff, 0xf8, 0x00, 0x1f, 
	0xff, 0xfe, 0x7f, 0xff, 0xf8, 0x00, 0x1f, 0xff, 0xfe, 0x7f, 0xff, 0xf8, 0x00, 0x1f, 0xff, 0xfe, 
	0x7f, 0xff, 0xf8, 0x00, 0x1f, 0xff, 0xfe, 0x7f, 0xff, 0xfc, 0x00, 0x3f, 0xff, 0xfe, 0x7f, 0xff, 
	0xfe, 0x00, 0x7f, 0xff, 0xfe, 0x7f, 0xff, 0xff, 0x00, 0xff, 0xff, 0xfe, 0x7f, 0xff, 0xc1, 0x81, 
	0x83, 0xff, 0xfe, 0x7f, 0xff, 0x80, 0x42, 0x01, 0xff, 0xfe, 0x7f, 0xff, 0x00, 0x00, 0x00, 0xff, 
	0xfe, 0x7f, 0xfe, 0x00, 0x00, 0x00, 0x7f, 0xfe, 0x7f, 0xfc, 0x00, 0x00, 0x00, 0x7f, 0xfe, 0x7f, 
	0xfc, 0x00, 0x00, 0x00, 0x7f, 0xfe, 0x7f, 0xfc, 0x00, 0x00, 0x00, 0x7f, 0xfe, 0x7f, 0xfc, 0x00, 
	0x18, 0x00, 0x7f, 0xfe, 0x7f, 0xfe, 0x00, 0x24, 0x00, 0x7f, 0xfe, 0x7f, 0xff, 0x00, 0x42, 0x00, 
	0xff, 0xfe, 0x7f, 0xff, 0x80, 0xc3, 0x01, 0xff, 0xfe, 0x7f, 0xff, 0xc1, 0xc3, 0x83, 0xff, 0xfe, 
	0x7f, 0xff, 0xff, 0xc3, 0xff, 0xff, 0xfe, 0x7f, 0xff, 0xff, 0xc3, 0xff, 0xff, 0xfe, 0x7f, 0xff, 
	0xff, 0x81, 0xff, 0xff, 0xfe, 0x7f, 0xff, 0xff, 0x00, 0xff, 0xff, 0xfe, 0x7f, 0xff, 0xfc, 0x00, 
	0x3f, 0xff, 0xfe, 0x7f, 0xff, 0xf8, 0x00, 0x1f, 0xff, 0xfe, 0x7f, 0xff, 0xf0, 0x00, 0x0f, 0xff, 
	0xfe, 0x7f, 0xff, 0xff, 0xff, 0xff, 0xff, 0xfe, 0x7f, 0xff, 0xff, 0xff, 0xff, 0xff, 0xfe, 0x7f, 
	0xff, 0xff, 0xff, 0xff, 0xff, 0xfe, 0x7f, 0xff, 0xff, 0xff, 0xff, 0xff, 0xfe, 0x7f, 0xff, 0xff, 
	0xff, 0xff, 0xff, 0xfe, 0x7f, 0xff, 0xff, 0xff, 0xff, 0xff, 0xfe, 0x7f, 0xff, 0xff, 0xff, 0xff, 
	0xff, 0x8e, 0x7f, 0xff, 0xff, 0xff, 0xff, 0xff, 0xde, 0x7f, 0xff, 0xff, 0xff, 0xff, 0xff, 0x8e, 
	0x7f, 0xff, 0xff, 0xff, 0xff, 0xff, 0x26, 0x7f, 0xff, 0xff, 0xff, 0xff, 0xff, 0x8e, 0x7f, 0xff, 
	0xff, 0xff, 0xff, 0xff, 0xde, 0x7f, 0xff, 0xff, 0xff, 0xff, 0xff, 0xfe, 0x7f, 0xff, 0xff, 0xff, 
	0xff, 0xff, 0x76, 0x7f, 0xff, 0xff, 0xff, 0xff, 0xff, 0x76, 0x7f, 0xff, 0xff, 0xff, 0xff, 0xff, 
	0x76, 0x7f, 0xff, 0xff, 0xff, 0xff, 0xff, 0x06, 0x7f, 0xff, 0xff, 0xff, 0xff, 0xff, 0x76, 0x7f, 
	0xff, 0xff, 0xff, 0xff, 0xff, 0x76, 0x7f, 0xff, 0xff, 0xff, 0xff, 0xff, 0x8e, 0x7f, 0xff, 0xff, 
	0xff, 0xff, 0xff, 0xfe, 0x7f, 0xff, 0xff, 0xff, 0xff, 0xff, 0xfe, 0x3f, 0xff, 0xff, 0xff, 0xff, 
	0xff, 0xfc, 0x1f, 0xff, 0xff, 0xff, 0xff, 0xff, 0xf8, 0x00, 0x00, 0x00, 0x00, 0x00, 0x00, 0x00
};
// '01_diamond_ace', 56x80px
const unsigned char epd_bitmap_01_diamond_ace [] PROGMEM = {
	0x00, 0x00, 0x00, 0x00, 0x00, 0x00, 0x00, 0x1f, 0xff, 0xff, 0xff, 0xff, 0xff, 0xf8, 0x3f, 0xff, 
	0xff, 0xff, 0xff, 0xff, 0xfc, 0x7f, 0xff, 0xff, 0xff, 0xff, 0xff, 0xfe, 0x71, 0xff, 0xff, 0xff, 
	0xff, 0xff, 0xfe, 0x6e, 0xff, 0xff, 0xff, 0xff, 0xff, 0xfe, 0x6e, 0xff, 0xff, 0xff, 0xff, 0xff, 
	0xfe, 0x60, 0xff, 0xff, 0xff, 0xff, 0xff, 0xfe, 0x6e, 0xff, 0xff, 0xff, 0xff, 0xff, 0xfe, 0x6e, 
	0xff, 0xff, 0xff, 0xff, 0xff, 0xfe, 0x6e, 0xff, 0xff, 0xff, 0xff, 0xff, 0xfe, 0x7f, 0xff, 0xff, 
	0xff, 0xff, 0xff, 0xfe, 0x7b, 0xff, 0xff, 0xff, 0xff, 0xff, 0xfe, 0x71, 0xff, 0xff, 0xff, 0xff, 
	0xff, 0xfe, 0x60, 0xff, 0xff, 0xff, 0xff, 0xff, 0xfe, 0x60, 0xff, 0xff, 0xff, 0xff, 0xff, 0xfe, 
	0x71, 0xff, 0xff, 0xff, 0xff, 0xff, 0xfe, 0x7b, 0xff, 0xff, 0xff, 0xff, 0xff, 0xfe, 0x7f, 0xff, 
	0xff, 0xff, 0xff, 0xff, 0xfe, 0x7f, 0xff, 0xff, 0xff, 0xff, 0xff, 0xfe, 0x7f, 0xff, 0xff, 0xff, 
	0xff, 0xff, 0xfe, 0x7f, 0xff, 0xff, 0xff, 0xff, 0xff, 0xfe, 0x7f, 0xff, 0xff, 0xff, 0xff, 0xff, 
	0xfe, 0x7f, 0xff, 0xff, 0xff, 0xff, 0xff, 0xfe, 0x7f, 0xff, 0xff, 0xff, 0xff, 0xff, 0xfe, 0x7f, 
	0xff, 0xff, 0xc3, 0xff, 0xff, 0xfe, 0x7f, 0xff, 0xff, 0x81, 0xff, 0xff, 0xfe, 0x7f, 0xff, 0xff, 
	0x00, 0xff, 0xff, 0xfe, 0x7f, 0xff, 0xfe, 0x00, 0x7f, 0xff, 0xfe, 0x7f, 0xff, 0xfc, 0x00, 0x3f, 
	0xff, 0xfe, 0x7f, 0xff, 0xf8, 0x00, 0x1f, 0xff, 0xfe, 0x7f, 0xff, 0xf0, 0x00, 0x0f, 0xff, 0xfe, 
	0x7f, 0xff, 0xe0, 0x00, 0x07, 0xff, 0xfe, 0x7f, 0xff, 0xc0, 0x00, 0x03, 0xff, 0xfe, 0x7f, 0xff, 
	0x80, 0x00, 0x01, 0xff, 0xfe, 0x7f, 0xff, 0x00, 0x00, 0x00, 0xff, 0xfe, 0x7f, 0xfe, 0x00, 0x00, 
	0x00, 0x7f, 0xfe, 0x7f, 0xfc, 0x00, 0x00, 0x00, 0x3f, 0xfe, 0x7f, 0xfc, 0x00, 0x00, 0x00, 0x3f, 
	0xfe, 0x7f, 0xfc, 0x00, 0x00, 0x00, 0x3f, 0xfe, 0x7f, 0xfc, 0x00, 0x00, 0x00, 0x3f, 0xfe, 0x7f, 
	0xfc, 0x00, 0x00, 0x00, 0x3f, 0xfe, 0x7f, 0xfc, 0x00, 0x00, 0x00, 0x3f, 0xfe, 0x7f, 0xfe, 0x00, 
	0x00, 0x00, 0x7f, 0xfe, 0x7f, 0xff, 0x00, 0x00, 0x00, 0xff, 0xfe, 0x7f, 0xff, 0x80, 0x00, 0x01, 
	0xff, 0xfe, 0x7f, 0xff, 0xc0, 0x00, 0x03, 0xff, 0xfe, 0x7f, 0xff, 0xe0, 0x00, 0x07, 0xff, 0xfe, 
	0x7f, 0xff, 0xf0, 0x00, 0x0f, 0xff, 0xfe, 0x7f, 0xff, 0xf8, 0x00, 0x1f, 0xff, 0xfe, 0x7f, 0xff, 
	0xfc, 0x00, 0x3f, 0xff, 0xfe, 0x7f, 0xff, 0xfe, 0x00, 0x7f, 0xff, 0xfe, 0x7f, 0xff, 0xff, 0x00, 
	0xff, 0xff, 0xfe, 0x7f, 0xff, 0xff, 0x81, 0xff, 0xff, 0xfe, 0x7f, 0xff, 0xff, 0xc3, 0xff, 0xff, 
	0xfe, 0x7f, 0xff, 0xff, 0xff, 0xff, 0xff, 0xfe, 0x7f, 0xff, 0xff, 0xff, 0xff, 0xff, 0xfe, 0x7f, 
	0xff, 0xff, 0xff, 0xff, 0xff, 0xfe, 0x7f, 0xff, 0xff, 0xff, 0xff, 0xff, 0xfe, 0x7f, 0xff, 0xff, 
	0xff, 0xff, 0xff, 0xfe, 0x7f, 0xff, 0xff, 0xff, 0xff, 0xff, 0xfe, 0x7f, 0xff, 0xff, 0xff, 0xff, 
	0xff, 0xde, 0x7f, 0xff, 0xff, 0xff, 0xff, 0xff, 0x8e, 0x7f, 0xff, 0xff, 0xff, 0xff, 0xff, 0x06, 
	0x7f, 0xff, 0xff, 0xff, 0xff, 0xff, 0x06, 0x7f, 0xff, 0xff, 0xff, 0xff, 0xff, 0x8e, 0x7f, 0xff, 
	0xff, 0xff, 0xff, 0xff, 0xde, 0x7f, 0xff, 0xff, 0xff, 0xff, 0xff, 0xfe, 0x7f, 0xff, 0xff, 0xff, 
	0xff, 0xff, 0x76, 0x7f, 0xff, 0xff, 0xff, 0xff, 0xff, 0x76, 0x7f, 0xff, 0xff, 0xff, 0xff, 0xff, 
	0x76, 0x7f, 0xff, 0xff, 0xff, 0xff, 0xff, 0x06, 0x7f, 0xff, 0xff, 0xff, 0xff, 0xff, 0x76, 0x7f, 
	0xff, 0xff, 0xff, 0xff, 0xff, 0x76, 0x7f, 0xff, 0xff, 0xff, 0xff, 0xff, 0x8e, 0x7f, 0xff, 0xff, 
	0xff, 0xff, 0xff, 0xfe, 0x7f, 0xff, 0xff, 0xff, 0xff, 0xff, 0xfe, 0x3f, 0xff, 0xff, 0xff, 0xff, 
	0xff, 0xfc, 0x1f, 0xff, 0xff, 0xff, 0xff, 0xff, 0xf8, 0x00, 0x00, 0x00, 0x00, 0x00, 0x00, 0x00
};
// '01_heart_ace', 56x80px
const unsigned char epd_bitmap_01_heart_ace [] PROGMEM = {
	0x00, 0x00, 0x00, 0x00, 0x00, 0x00, 0x00, 0x1f, 0xff, 0xff, 0xff, 0xff, 0xff, 0xf8, 0x3f, 0xff, 
	0xff, 0xff, 0xff, 0xff, 0xfc, 0x7f, 0xff, 0xff, 0xff, 0xff, 0xff, 0xfe, 0x71, 0xff, 0xff, 0xff, 
	0xff, 0xff, 0xfe, 0x6e, 0xff, 0xff, 0xff, 0xff, 0xff, 0xfe, 0x6e, 0xff, 0xff, 0xff, 0xff, 0xff, 
	0xfe, 0x60, 0xff, 0xff, 0xff, 0xff, 0xff, 0xfe, 0x6e, 0xff, 0xff, 0xff, 0xff, 0xff, 0xfe, 0x6e, 
	0xff, 0xff, 0xff, 0xff, 0xff, 0xfe, 0x6e, 0xff, 0xff, 0xff, 0xff, 0xff, 0xfe, 0x7f, 0xff, 0xff, 
	0xff, 0xff, 0xff, 0xfe, 0x64, 0xff, 0xff, 0xff, 0xff, 0xff, 0xfe, 0x60, 0xff, 0xff, 0xff, 0xff, 
	0xff, 0xfe, 0x60, 0xff, 0xff, 0xff, 0xff, 0xff, 0xfe, 0x60, 0xff, 0xff, 0xff, 0xff, 0xff, 0xfe, 
	0x71, 0xff, 0xff, 0xff, 0xff, 0xff, 0xfe, 0x7b, 0xff, 0xff, 0xff, 0xff, 0xff, 0xfe, 0x7f, 0xff, 
	0xff, 0xff, 0xff, 0xff, 0xfe, 0x7f, 0xff, 0xff, 0xff, 0xff, 0xff, 0xfe, 0x7f, 0xff, 0xff, 0xff, 
	0xff, 0xff, 0xfe, 0x7f, 0xff, 0xff, 0xff, 0xff, 0xff, 0xfe, 0x7f, 0xff, 0xff, 0xff, 0xff, 0xff, 
	0xfe, 0x7f, 0xff, 0xff, 0xff, 0xff, 0xff, 0xfe, 0x7f, 0xff, 0xff, 0xff, 0xff, 0xff, 0xfe, 0x7f, 
	0xff, 0xff, 0xff, 0xff, 0xff, 0xfe, 0x7f, 0xff, 0xff, 0xff, 0xff, 0xff, 0xfe, 0x7f, 0xff, 0xff, 
	0xff, 0xff, 0xff, 0xfe, 0x7f, 0xff, 0xc0, 0x7e, 0x03, 0xff, 0xfe, 0x7f, 0xff, 0x80, 0x3c, 0x01, 
	0xff, 0xfe, 0x7f, 0xff, 0x00, 0x18, 0x00, 0xff, 0xfe, 0x7f, 0xfe, 0x00, 0x00, 0x00, 0x7f, 0xfe, 
	0x7f, 0xfc, 0x00, 0x00, 0x00, 0x3f, 0xfe, 0x7f, 0xfc, 0x00, 0x00, 0x00, 0x3f, 0xfe, 0x7f, 0xfc, 
	0x00, 0x00, 0x00, 0x3f, 0xfe, 0x7f, 0xfc, 0x00, 0x00, 0x00, 0x3f, 0xfe, 0x7f, 0xfc, 0x00, 0x00, 
	0x00, 0x3f, 0xfe, 0x7f, 0xfc, 0x00, 0x00, 0x00, 0x3f, 0xfe, 0x7f, 0xfc, 0x00, 0x00, 0x00, 0x3f, 
	0xfe, 0x7f, 0xfc, 0x00, 0x00, 0x00, 0x3f, 0xfe, 0x7f, 0xfe, 0x00, 0x00, 0x00, 0x7f, 0xfe, 0x7f, 
	0xff, 0x00, 0x00, 0x00, 0xff, 0xfe, 0x7f, 0xff, 0x80, 0x00, 0x01, 0xff, 0xfe, 0x7f, 0xff, 0xc0, 
	0x00, 0x03, 0xff, 0xfe, 0x7f, 0xff, 0xe0, 0x00, 0x07, 0xff, 0xfe, 0x7f, 0xff, 0xf0, 0x00, 0x0f, 
	0xff, 0xfe, 0x7f, 0xff, 0xf8, 0x00, 0x1f, 0xff, 0xfe, 0x7f, 0xff, 0xfc, 0x00, 0x3f, 0xff, 0xfe, 
	0x7f, 0xff, 0xfe, 0x00, 0x7f, 0xff, 0xfe, 0x7f, 0xff, 0xff, 0x00, 0xff, 0xff, 0xfe, 0x7f, 0xff, 
	0xff, 0x81, 0xff, 0xff, 0xfe, 0x7f, 0xff, 0xff, 0xc3, 0xff, 0xff, 0xfe, 0x7f, 0xff, 0xff, 0xe7, 
	0xff, 0xff, 0xfe, 0x7f, 0xff, 0xff, 0xff, 0xff, 0xff, 0xfe, 0x7f, 0xff, 0xff, 0xff, 0xff, 0xff, 
	0xfe, 0x7f, 0xff, 0xff, 0xff, 0xff, 0xff, 0xfe, 0x7f, 0xff, 0xff, 0xff, 0xff, 0xff, 0xfe, 0x7f, 
	0xff, 0xff, 0xff, 0xff, 0xff, 0xfe, 0x7f, 0xff, 0xff, 0xff, 0xff, 0xff, 0xfe, 0x7f, 0xff, 0xff, 
	0xff, 0xff, 0xff, 0xfe, 0x7f, 0xff, 0xff, 0xff, 0xff, 0xff, 0xfe, 0x7f, 0xff, 0xff, 0xff, 0xff, 
	0xff, 0xde, 0x7f, 0xff, 0xff, 0xff, 0xff, 0xff, 0x8e, 0x7f, 0xff, 0xff, 0xff, 0xff, 0xff, 0x06, 
	0x7f, 0xff, 0xff, 0xff, 0xff, 0xff, 0x06, 0x7f, 0xff, 0xff, 0xff, 0xff, 0xff, 0x06, 0x7f, 0xff, 
	0xff, 0xff, 0xff, 0xff, 0x26, 0x7f, 0xff, 0xff, 0xff, 0xff, 0xff, 0xfe, 0x7f, 0xff, 0xff, 0xff, 
	0xff, 0xff, 0x76, 0x7f, 0xff, 0xff, 0xff, 0xff, 0xff, 0x76, 0x7f, 0xff, 0xff, 0xff, 0xff, 0xff, 
	0x76, 0x7f, 0xff, 0xff, 0xff, 0xff, 0xff, 0x06, 0x7f, 0xff, 0xff, 0xff, 0xff, 0xff, 0x76, 0x7f, 
	0xff, 0xff, 0xff, 0xff, 0xff, 0x76, 0x7f, 0xff, 0xff, 0xff, 0xff, 0xff, 0x8e, 0x7f, 0xff, 0xff, 
	0xff, 0xff, 0xff, 0xfe, 0x7f, 0xff, 0xff, 0xff, 0xff, 0xff, 0xfe, 0x3f, 0xff, 0xff, 0xff, 0xff, 
	0xff, 0xfc, 0x1f, 0xff, 0xff, 0xff, 0xff, 0xff, 0xf8, 0x00, 0x00, 0x00, 0x00, 0x00, 0x00, 0x00
};
// '01_spade_ace', 56x80px
const unsigned char epd_bitmap_01_spade_ace [] PROGMEM = {
	0x00, 0x00, 0x00, 0x00, 0x00, 0x00, 0x00, 0x1f, 0xff, 0xff, 0xff, 0xff, 0xff, 0xf8, 0x3f, 0xff, 
	0xff, 0xff, 0xff, 0xff, 0xfc, 0x7f, 0xff, 0xff, 0xff, 0xff, 0xff, 0xfe, 0x71, 0xff, 0xff, 0xff, 
	0xff, 0xff, 0xfe, 0x6e, 0xff, 0xff, 0xff, 0xff, 0xff, 0xfe, 0x6e, 0xff, 0xff, 0xff, 0xff, 0xff, 
	0xfe, 0x60, 0xff, 0xff, 0xff, 0xff, 0xff, 0xfe, 0x6e, 0xff, 0xff, 0xff, 0xff, 0xff, 0xfe, 0x6e, 
	0xff, 0xff, 0xff, 0xff, 0xff, 0xfe, 0x6e, 0xff, 0xff, 0xff, 0xff, 0xff, 0xfe, 0x7f, 0xff, 0xff, 
	0xff, 0xff, 0xff, 0xfe, 0x7b, 0xff, 0xff, 0xff, 0xff, 0xff, 0xfe, 0x71, 0xff, 0xff, 0xff, 0xff, 
	0xff, 0xfe, 0x60, 0xff, 0xff, 0xff, 0xff, 0xff, 0xfe, 0x60, 0xff, 0xff, 0xff, 0xff, 0xff, 0xfe, 
	0x7b, 0xff, 0xff, 0xff, 0xff, 0xff, 0xfe, 0x71, 0xff, 0xff, 0xff, 0xff, 0xff, 0xfe, 0x7f, 0xff, 
	0xff, 0xff, 0xff, 0xff, 0xfe, 0x7f, 0xff, 0xff, 0xff, 0xff, 0xff, 0xfe, 0x7f, 0xff, 0xff, 0xff, 
	0xff, 0xff, 0xfe, 0x7f, 0xff, 0xff, 0xff, 0xff, 0xff, 0xfe, 0x7f, 0xff, 0xff, 0xff, 0xff, 0xff, 
	0xfe, 0x7f, 0xff, 0xff, 0xff, 0xff, 0xff, 0xfe, 0x7f, 0xff, 0xff, 0xe7, 0xff, 0xff, 0xfe, 0x7f, 
	0xff, 0xff, 0xc3, 0xff, 0xff, 0xfe, 0x7f, 0xff, 0xff, 0x81, 0xff, 0xff, 0xfe, 0x7f, 0xff, 0xff, 
	0x00, 0xff, 0xff, 0xfe, 0x7f, 0xff, 0xfe, 0x00, 0x7f, 0xff, 0xfe, 0x7f, 0xff, 0xfc, 0x00, 0x3f, 
	0xff, 0xfe, 0x7f, 0xff, 0xf8, 0x00, 0x1f, 0xff, 0xfe, 0x7f, 0xff, 0xf0, 0x00, 0x0f, 0xff, 0xfe, 
	0x7f, 0xff, 0xe0, 0x00, 0x07, 0xff, 0xfe, 0x7f, 0xff, 0xc0, 0x00, 0x03, 0xff, 0xfe, 0x7f, 0xff, 
	0x80, 0x00, 0x01, 0xff, 0xfe, 0x7f, 0xff, 0x00, 0x00, 0x00, 0xff, 0xfe, 0x7f, 0xfe, 0x00, 0x00, 
	0x00, 0x7f, 0xfe, 0x7f, 0xfc, 0x00, 0x00, 0x00, 0x3f, 0xfe, 0x7f, 0xfc, 0x00, 0x00, 0x00, 0x3f, 
	0xfe, 0x7f, 0xfc, 0x00, 0x00, 0x00, 0x3f, 0xfe, 0x7f, 0xfc, 0x00, 0x00, 0x00, 0x3f, 0xfe, 0x7f, 
	0xfc, 0x00, 0x00, 0x00, 0x3f, 0xfe, 0x7f, 0xfc, 0x00, 0x00, 0x00, 0x3f, 0xfe, 0x7f, 0xfc, 0x00, 
	0x18, 0x00, 0x3f, 0xfe, 0x7f, 0xfc, 0x00, 0x24, 0x00, 0x3f, 0xfe, 0x7f, 0xfe, 0x00, 0x42, 0x00, 
	0x7f, 0xfe, 0x7f, 0xff, 0x00, 0xc3, 0x00, 0xff, 0xfe, 0x7f, 0xff, 0x81, 0xc3, 0x81, 0xff, 0xfe, 
	0x7f, 0xff, 0xc3, 0xc3, 0xc3, 0xff, 0xfe, 0x7f, 0xff, 0xff, 0xc3, 0xff, 0xff, 0xfe, 0x7f, 0xff, 
	0xff, 0x81, 0xff, 0xff, 0xfe, 0x7f, 0xff, 0xff, 0x00, 0xff, 0xff, 0xfe, 0x7f, 0xff, 0xfc, 0x00, 
	0x3f, 0xff, 0xfe, 0x7f, 0xff, 0xf8, 0x00, 0x1f, 0xff, 0xfe, 0x7f, 0xff, 0xf0, 0x00, 0x0f, 0xff, 
	0xfe, 0x7f, 0xff, 0xff, 0xff, 0xff, 0xff, 0xfe, 0x7f, 0xff, 0xff, 0xff, 0xff, 0xff, 0xfe, 0x7f, 
	0xff, 0xff, 0xff, 0xff, 0xff, 0xfe, 0x7f, 0xff, 0xff, 0xff, 0xff, 0xff, 0xfe, 0x7f, 0xff, 0xff, 
	0xff, 0xff, 0xff, 0xfe, 0x7f, 0xff, 0xff, 0xff, 0xff, 0xff, 0xfe, 0x7f, 0xff, 0xff, 0xff, 0xff, 
	0xff, 0x8e, 0x7f, 0xff, 0xff, 0xff, 0xff, 0xff, 0xde, 0x7f, 0xff, 0xff, 0xff, 0xff, 0xff, 0x06, 
	0x7f, 0xff, 0xff, 0xff, 0xff, 0xff, 0x06, 0x7f, 0xff, 0xff, 0xff, 0xff, 0xff, 0x8e, 0x7f, 0xff, 
	0xff, 0xff, 0xff, 0xff, 0xde, 0x7f, 0xff, 0xff, 0xff, 0xff, 0xff, 0xfe, 0x7f, 0xff, 0xff, 0xff, 
	0xff, 0xff, 0x76, 0x7f, 0xff, 0xff, 0xff, 0xff, 0xff, 0x76, 0x7f, 0xff, 0xff, 0xff, 0xff, 0xff, 
	0x76, 0x7f, 0xff, 0xff, 0xff, 0xff, 0xff, 0x06, 0x7f, 0xff, 0xff, 0xff, 0xff, 0xff, 0x76, 0x7f, 
	0xff, 0xff, 0xff, 0xff, 0xff, 0x76, 0x7f, 0xff, 0xff, 0xff, 0xff, 0xff, 0x8e, 0x7f, 0xff, 0xff, 
	0xff, 0xff, 0xff, 0xfe, 0x7f, 0xff, 0xff, 0xff, 0xff, 0xff, 0xfe, 0x3f, 0xff, 0xff, 0xff, 0xff, 
	0xff, 0xfc, 0x1f, 0xff, 0xff, 0xff, 0xff, 0xff, 0xf8, 0x00, 0x00, 0x00, 0x00, 0x00, 0x00, 0x00
};
// '02_clubs', 56x80px
const unsigned char epd_bitmap_02_clubs [] PROGMEM = {
	0x00, 0x00, 0x00, 0x00, 0x00, 0x00, 0x00, 0x1f, 0xff, 0xff, 0xff, 0xff, 0xff, 0xf8, 0x3f, 0xff, 
	0xff, 0xff, 0xff, 0xff, 0xfc, 0x7f, 0xff, 0xff, 0xff, 0xff, 0xff, 0xfe, 0x71, 0xff, 0xff, 0xff, 
	0xff, 0xff, 0xfe, 0x6e, 0xff, 0xff, 0xff, 0xff, 0xff, 0xfe, 0x7e, 0xff, 0xff, 0xff, 0xff, 0xff, 
	0xfe, 0x71, 0xff, 0xff, 0xff, 0xff, 0xff, 0xfe, 0x6f, 0xff, 0xff, 0xe7, 0xff, 0xff, 0xfe, 0x6f, 
	0xff, 0xff, 0xc3, 0xff, 0xff, 0xfe, 0x60, 0xff, 0xff, 0xc3, 0xff, 0xff, 0xfe, 0x7f, 0xff, 0xff, 
	0xc3, 0xff, 0xff, 0xfe, 0x7b, 0xff, 0xff, 0x24, 0xff, 0xff, 0xfe, 0x71, 0xff, 0xfe, 0x00, 0x7f, 
	0xff, 0xfe, 0x64, 0xff, 0xfe, 0x00, 0x7f, 0xff, 0xfe, 0x71, 0xff, 0xff, 0x24, 0xff, 0xff, 0xfe, 
	0x7b, 0xff, 0xff, 0xc3, 0xff, 0xff, 0xfe, 0x71, 0xff, 0xff, 0x81, 0xff, 0xff, 0xfe, 0x7f, 0xff, 
	0xff, 0xff, 0xff, 0xff, 0xfe, 0x7f, 0xff, 0xff, 0xff, 0xff, 0xff, 0xfe, 0x7f, 0xff, 0xff, 0xff, 
	0xff, 0xff, 0xfe, 0x7f, 0xff, 0xff, 0xff, 0xff, 0xff, 0xfe, 0x7f, 0xff, 0xff, 0xff, 0xff, 0xff, 
	0xfe, 0x7f, 0xff, 0xff, 0xff, 0xff, 0xff, 0xfe, 0x7f, 0xff, 0xff, 0xff, 0xff, 0xff, 0xfe, 0x7f, 
	0xff, 0xff, 0xff, 0xff, 0xff, 0xfe, 0x7f, 0xff, 0xff, 0xff, 0xff, 0xff, 0xfe, 0x7f, 0xff, 0xff, 
	0xff, 0xff, 0xff, 0xfe, 0x7f, 0xff, 0xff, 0xff, 0xff, 0xff, 0xfe, 0x7f, 0xff, 0xff, 0xff, 0xff, 
	0xff, 0xfe, 0x7f, 0xff, 0xff, 0xff, 0xff, 0xff, 0xfe, 0x7f, 0xff, 0xff, 0xff, 0xff, 0xff, 0xfe, 
	0x7f, 0xff, 0xff, 0xff, 0xff, 0xff, 0xfe, 0x7f, 0xff, 0xff, 0xff, 0xff, 0xff, 0xfe, 0x7f, 0xff, 
	0xff, 0xff, 0xff, 0xff, 0xfe, 0x7f, 0xff, 0xff, 0xff, 0xff, 0xff, 0xfe, 0x7f, 0xff, 0xff, 0xff, 
	0xff, 0xff, 0xfe, 0x7f, 0xff, 0xff, 0xff, 0xff, 0xff, 0xfe, 0x7f, 0xff, 0xff, 0xff, 0xff, 0xff, 
	0xfe, 0x7f, 0xff, 0xff, 0xff, 0xff, 0xff, 0xfe, 0x7f, 0xff, 0xff, 0xff, 0xff, 0xff, 0xfe, 0x7f, 
	0xff, 0xff, 0xff, 0xff, 0xff, 0xfe, 0x7f, 0xff, 0xff, 0xff, 0xff, 0xff, 0xfe, 0x7f, 0xff, 0xff, 
	0xff, 0xff, 0xff, 0xfe, 0x7f, 0xff, 0xff, 0xff, 0xff, 0xff, 0xfe, 0x7f, 0xff, 0xff, 0xff, 0xff, 
	0xff, 0xfe, 0x7f, 0xff, 0xff, 0xff, 0xff, 0xff, 0xfe, 0x7f, 0xff, 0xff, 0xff, 0xff, 0xff, 0xfe, 
	0x7f, 0xff, 0xff, 0xff, 0xff, 0xff, 0xfe, 0x7f, 0xff, 0xff, 0xff, 0xff, 0xff, 0xfe, 0x7f, 0xff, 
	0xff, 0xff, 0xff, 0xff, 0xfe, 0x7f, 0xff, 0xff, 0xff, 0xff, 0xff, 0xfe, 0x7f, 0xff, 0xff, 0xff, 
	0xff, 0xff, 0xfe, 0x7f, 0xff, 0xff, 0xff, 0xff, 0xff, 0xfe, 0x7f, 0xff, 0xff, 0xff, 0xff, 0xff, 
	0xfe, 0x7f, 0xff, 0xff, 0xff, 0xff, 0xff, 0xfe, 0x7f, 0xff, 0xff, 0xff, 0xff, 0xff, 0xfe, 0x7f, 
	0xff, 0xff, 0xff, 0xff, 0xff, 0xfe, 0x7f, 0xff, 0xff, 0xff, 0xff, 0xff, 0xfe, 0x7f, 0xff, 0xff, 
	0xff, 0xff, 0xff, 0xfe, 0x7f, 0xff, 0xff, 0xff, 0xff, 0xff, 0xfe, 0x7f, 0xff, 0xff, 0xff, 0xff, 
	0xff, 0x8e, 0x7f, 0xff, 0xff, 0x81, 0xff, 0xff, 0xde, 0x7f, 0xff, 0xff, 0xc3, 0xff, 0xff, 0x8e, 
	0x7f, 0xff, 0xff, 0x24, 0xff, 0xff, 0x26, 0x7f, 0xff, 0xfe, 0x00, 0x7f, 0xff, 0x8e, 0x7f, 0xff, 
	0xfe, 0x00, 0x7f, 0xff, 0xde, 0x7f, 0xff, 0xff, 0x24, 0xff, 0xff, 0xfe, 0x7f, 0xff, 0xff, 0xc3, 
	0xff, 0xff, 0x06, 0x7f, 0xff, 0xff, 0xc3, 0xff, 0xff, 0xf6, 0x7f, 0xff, 0xff, 0xc3, 0xff, 0xff, 
	0xf6, 0x7f, 0xff, 0xff, 0xe7, 0xff, 0xff, 0x8e, 0x7f, 0xff, 0xff, 0xff, 0xff, 0xff, 0x7e, 0x7f, 
	0xff, 0xff, 0xff, 0xff, 0xff, 0x76, 0x7f, 0xff, 0xff, 0xff, 0xff, 0xff, 0x8e, 0x7f, 0xff, 0xff, 
	0xff, 0xff, 0xff, 0xfe, 0x7f, 0xff, 0xff, 0xff, 0xff, 0xff, 0xfe, 0x3f, 0xff, 0xff, 0xff, 0xff, 
	0xff, 0xfc, 0x1f, 0xff, 0xff, 0xff, 0xff, 0xff, 0xf8, 0x00, 0x00, 0x00, 0x00, 0x00, 0x00, 0x00
};
// '02_diamond', 56x80px
const unsigned char epd_bitmap_02_diamond [] PROGMEM = {
	0x00, 0x00, 0x00, 0x00, 0x00, 0x00, 0x00, 0x1f, 0xff, 0xff, 0xff, 0xff, 0xff, 0xf8, 0x3f, 0xff, 
	0xff, 0xff, 0xff, 0xff, 0xfc, 0x7f, 0xff, 0xff, 0xff, 0xff, 0xff, 0xfe, 0x71, 0xff, 0xff, 0xff, 
	0xff, 0xff, 0xfe, 0x6e, 0xff, 0xff, 0xff, 0xff, 0xff, 0xfe, 0x7e, 0xff, 0xff, 0xff, 0xff, 0xff, 
	0xfe, 0x71, 0xff, 0xff, 0xff, 0xff, 0xff, 0xfe, 0x6f, 0xff, 0xff, 0xe7, 0xff, 0xff, 0xfe, 0x6f, 
	0xff, 0xff, 0xc3, 0xff, 0xff, 0xfe, 0x60, 0xff, 0xff, 0x81, 0xff, 0xff, 0xfe, 0x7f, 0xff, 0xff, 
	0x00, 0xff, 0xff, 0xfe, 0x7b, 0xff, 0xfe, 0x00, 0x7f, 0xff, 0xfe, 0x71, 0xff, 0xfe, 0x00, 0x7f, 
	0xff, 0xfe, 0x60, 0xff, 0xff, 0x00, 0xff, 0xff, 0xfe, 0x60, 0xff, 0xff, 0x81, 0xff, 0xff, 0xfe, 
	0x71, 0xff, 0xff, 0xc3, 0xff, 0xff, 0xfe, 0x7b, 0xff, 0xff, 0xe7, 0xff, 0xff, 0xfe, 0x7f, 0xff, 
	0xff, 0xff, 0xff, 0xff, 0xfe, 0x7f, 0xff, 0xff, 0xff, 0xff, 0xff, 0xfe, 0x7f, 0xff, 0xff, 0xff, 
	0xff, 0xff, 0xfe, 0x7f, 0xff, 0xff, 0xff, 0xff, 0xff, 0xfe, 0x7f, 0xff, 0xff, 0xff, 0xff, 0xff, 
	0xfe, 0x7f, 0xff, 0xff, 0xff, 0xff, 0xff, 0xfe, 0x7f, 0xff, 0xff, 0xff, 0xff, 0xff, 0xfe, 0x7f, 
	0xff, 0xff, 0xff, 0xff, 0xff, 0xfe, 0x7f, 0xff, 0xff, 0xff, 0xff, 0xff, 0xfe, 0x7f, 0xff, 0xff, 
	0xff, 0xff, 0xff, 0xfe, 0x7f, 0xff, 0xff, 0xff, 0xff, 0xff, 0xfe, 0x7f, 0xff, 0xff, 0xff, 0xff, 
	0xff, 0xfe, 0x7f, 0xff, 0xff, 0xff, 0xff, 0xff, 0xfe, 0x7f, 0xff, 0xff, 0xff, 0xff, 0xff, 0xfe, 
	0x7f, 0xff, 0xff, 0xff, 0xff, 0xff, 0xfe, 0x7f, 0xff, 0xff, 0xff, 0xff, 0xff, 0xfe, 0x7f, 0xff, 
	0xff, 0xff, 0xff, 0xff, 0xfe, 0x7f, 0xff, 0xff, 0xff, 0xff, 0xff, 0xfe, 0x7f, 0xff, 0xff, 0xff, 
	0xff, 0xff, 0xfe, 0x7f, 0xff, 0xff, 0xff, 0xff, 0xff, 0xfe, 0x7f, 0xff, 0xff, 0xff, 0xff, 0xff, 
	0xfe, 0x7f, 0xff, 0xff, 0xff, 0xff, 0xff, 0xfe, 0x7f, 0xff, 0xff, 0xff, 0xff, 0xff, 0xfe, 0x7f, 
	0xff, 0xff, 0xff, 0xff, 0xff, 0xfe, 0x7f, 0xff, 0xff, 0xff, 0xff, 0xff, 0xfe, 0x7f, 0xff, 0xff, 
	0xff, 0xff, 0xff, 0xfe, 0x7f, 0xff, 0xff, 0xff, 0xff, 0xff, 0xfe, 0x7f, 0xff, 0xff, 0xff, 0xff, 
	0xff, 0xfe, 0x7f, 0xff, 0xff, 0xff, 0xff, 0xff, 0xfe, 0x7f, 0xff, 0xff, 0xff, 0xff, 0xff, 0xfe, 
	0x7f, 0xff, 0xff, 0xff, 0xff, 0xff, 0xfe, 0x7f, 0xff, 0xff, 0xff, 0xff, 0xff, 0xfe, 0x7f, 0xff, 
	0xff, 0xff, 0xff, 0xff, 0xfe, 0x7f, 0xff, 0xff, 0xff, 0xff, 0xff, 0xfe, 0x7f, 0xff, 0xff, 0xff, 
	0xff, 0xff, 0xfe, 0x7f, 0xff, 0xff, 0xff, 0xff, 0xff, 0xfe, 0x7f, 0xff, 0xff, 0xff, 0xff, 0xff, 
	0xfe, 0x7f, 0xff, 0xff, 0xff, 0xff, 0xff, 0xfe, 0x7f, 0xff, 0xff, 0xff, 0xff, 0xff, 0xfe, 0x7f, 
	0xff, 0xff, 0xff, 0xff, 0xff, 0xfe, 0x7f, 0xff, 0xff, 0xff, 0xff, 0xff, 0xfe, 0x7f, 0xff, 0xff, 
	0xff, 0xff, 0xff, 0xfe, 0x7f, 0xff, 0xff, 0xff, 0xff, 0xff, 0xfe, 0x7f, 0xff, 0xff, 0xe7, 0xff, 
	0xff, 0xde, 0x7f, 0xff, 0xff, 0xc3, 0xff, 0xff, 0x8e, 0x7f, 0xff, 0xff, 0x81, 0xff, 0xff, 0x06, 
	0x7f, 0xff, 0xff, 0x00, 0xff, 0xff, 0x06, 0x7f, 0xff, 0xfe, 0x00, 0x7f, 0xff, 0x8e, 0x7f, 0xff, 
	0xfe, 0x00, 0x7f, 0xff, 0xde, 0x7f, 0xff, 0xff, 0x00, 0xff, 0xff, 0xfe, 0x7f, 0xff, 0xff, 0x81, 
	0xff, 0xff, 0x06, 0x7f, 0xff, 0xff, 0xc3, 0xff, 0xff, 0xf6, 0x7f, 0xff, 0xff, 0xe7, 0xff, 0xff, 
	0xf6, 0x7f, 0xff, 0xff, 0xff, 0xff, 0xff, 0x8e, 0x7f, 0xff, 0xff, 0xff, 0xff, 0xff, 0x7e, 0x7f, 
	0xff, 0xff, 0xff, 0xff, 0xff, 0x76, 0x7f, 0xff, 0xff, 0xff, 0xff, 0xff, 0x8e, 0x7f, 0xff, 0xff, 
	0xff, 0xff, 0xff, 0xfe, 0x7f, 0xff, 0xff, 0xff, 0xff, 0xff, 0xfe, 0x3f, 0xff, 0xff, 0xff, 0xff, 
	0xff, 0xfc, 0x1f, 0xff, 0xff, 0xff, 0xff, 0xff, 0xf8, 0x00, 0x00, 0x00, 0x00, 0x00, 0x00, 0x00
};
// '02_heart', 56x80px
const unsigned char epd_bitmap_02_heart [] PROGMEM = {
	0x00, 0x00, 0x00, 0x00, 0x00, 0x00, 0x00, 0x1f, 0xff, 0xff, 0xff, 0xff, 0xff, 0xf8, 0x3f, 0xff, 
	0xff, 0xff, 0xff, 0xff, 0xfc, 0x7f, 0xff, 0xff, 0xff, 0xff, 0xff, 0xfe, 0x71, 0xff, 0xff, 0xff, 
	0xff, 0xff, 0xfe, 0x6e, 0xff, 0xff, 0xff, 0xff, 0xff, 0xfe, 0x7e, 0xff, 0xff, 0xff, 0xff, 0xff, 
	0xfe, 0x71, 0xff, 0xff, 0xff, 0xff, 0xff, 0xfe, 0x6f, 0xff, 0xff, 0xff, 0xff, 0xff, 0xfe, 0x6f, 
	0xff, 0xff, 0x18, 0xff, 0xff, 0xfe, 0x60, 0xff, 0xfe, 0x00, 0x7f, 0xff, 0xfe, 0x7f, 0xff, 0xfe, 
	0x00, 0x7f, 0xff, 0xfe, 0x64, 0xff, 0xfe, 0x00, 0x7f, 0xff, 0xfe, 0x60, 0xff, 0xff, 0x00, 0xff, 
	0xff, 0xfe, 0x60, 0xff, 0xff, 0x81, 0xff, 0xff, 0xfe, 0x60, 0xff, 0xff, 0xc3, 0xff, 0xff, 0xfe, 
	0x71, 0xff, 0xff, 0xe7, 0xff, 0xff, 0xfe, 0x7b, 0xff, 0xff, 0xff, 0xff, 0xff, 0xfe, 0x7f, 0xff, 
	0xff, 0xff, 0xff, 0xff, 0xfe, 0x7f, 0xff, 0xff, 0xff, 0xff, 0xff, 0xfe, 0x7f, 0xff, 0xff, 0xff, 
	0xff, 0xff, 0xfe, 0x7f, 0xff, 0xff, 0xff, 0xff, 0xff, 0xfe, 0x7f, 0xff, 0xff, 0xff, 0xff, 0xff, 
	0xfe, 0x7f, 0xff, 0xff, 0xff, 0xff, 0xff, 0xfe, 0x7f, 0xff, 0xff, 0xff, 0xff, 0xff, 0xfe, 0x7f, 
	0xff, 0xff, 0xff, 0xff, 0xff, 0xfe, 0x7f, 0xff, 0xff, 0xff, 0xff, 0xff, 0xfe, 0x7f, 0xff, 0xff, 
	0xff, 0xff, 0xff, 0xfe, 0x7f, 0xff, 0xff, 0xff, 0xff, 0xff, 0xfe, 0x7f, 0xff, 0xff, 0xff, 0xff, 
	0xff, 0xfe, 0x7f, 0xff, 0xff, 0xff, 0xff, 0xff, 0xfe, 0x7f, 0xff, 0xff, 0xff, 0xff, 0xff, 0xfe, 
	0x7f, 0xff, 0xff, 0xff, 0xff, 0xff, 0xfe, 0x7f, 0xff, 0xff, 0xff, 0xff, 0xff, 0xfe, 0x7f, 0xff, 
	0xff, 0xff, 0xff, 0xff, 0xfe, 0x7f, 0xff, 0xff, 0xff, 0xff, 0xff, 0xfe, 0x7f, 0xff, 0xff, 0xff, 
	0xff, 0xff, 0xfe, 0x7f, 0xff, 0xff, 0xff, 0xff, 0xff, 0xfe, 0x7f, 0xff, 0xff, 0xff, 0xff, 0xff, 
	0xfe, 0x7f, 0xff, 0xff, 0xff, 0xff, 0xff, 0xfe, 0x7f, 0xff, 0xff, 0xff, 0xff, 0xff, 0xfe, 0x7f, 
	0xff, 0xff, 0xff, 0xff, 0xff, 0xfe, 0x7f, 0xff, 0xff, 0xff, 0xff, 0xff, 0xfe, 0x7f, 0xff, 0xff, 
	0xff, 0xff, 0xff, 0xfe, 0x7f, 0xff, 0xff, 0xff, 0xff, 0xff, 0xfe, 0x7f, 0xff, 0xff, 0xff, 0xff, 
	0xff, 0xfe, 0x7f, 0xff, 0xff, 0xff, 0xff, 0xff, 0xfe, 0x7f, 0xff, 0xff, 0xff, 0xff, 0xff, 0xfe, 
	0x7f, 0xff, 0xff, 0xff, 0xff, 0xff, 0xfe, 0x7f, 0xff, 0xff, 0xff, 0xff, 0xff, 0xfe, 0x7f, 0xff, 
	0xff, 0xff, 0xff, 0xff, 0xfe, 0x7f, 0xff, 0xff, 0xff, 0xff, 0xff, 0xfe, 0x7f, 0xff, 0xff, 0xff, 
	0xff, 0xff, 0xfe, 0x7f, 0xff, 0xff, 0xff, 0xff, 0xff, 0xfe, 0x7f, 0xff, 0xff, 0xff, 0xff, 0xff, 
	0xfe, 0x7f, 0xff, 0xff, 0xff, 0xff, 0xff, 0xfe, 0x7f, 0xff, 0xff, 0xff, 0xff, 0xff, 0xfe, 0x7f, 
	0xff, 0xff, 0xff, 0xff, 0xff, 0xfe, 0x7f, 0xff, 0xff, 0xff, 0xff, 0xff, 0xfe, 0x7f, 0xff, 0xff, 
	0xff, 0xff, 0xff, 0xfe, 0x7f, 0xff, 0xff, 0xff, 0xff, 0xff, 0xfe, 0x7f, 0xff, 0xff, 0xff, 0xff, 
	0xff, 0xde, 0x7f, 0xff, 0xff, 0xff, 0xff, 0xff, 0x8e, 0x7f, 0xff, 0xff, 0xe7, 0xff, 0xff, 0x06, 
	0x7f, 0xff, 0xff, 0xc3, 0xff, 0xff, 0x06, 0x7f, 0xff, 0xff, 0x81, 0xff, 0xff, 0x06, 0x7f, 0xff, 
	0xff, 0x00, 0xff, 0xff, 0x26, 0x7f, 0xff, 0xfe, 0x00, 0x7f, 0xff, 0xfe, 0x7f, 0xff, 0xfe, 0x00, 
	0x7f, 0xff, 0x06, 0x7f, 0xff, 0xfe, 0x00, 0x7f, 0xff, 0xf6, 0x7f, 0xff, 0xff, 0x18, 0xff, 0xff, 
	0xf6, 0x7f, 0xff, 0xff, 0xff, 0xff, 0xff, 0x8e, 0x7f, 0xff, 0xff, 0xff, 0xff, 0xff, 0x7e, 0x7f, 
	0xff, 0xff, 0xff, 0xff, 0xff, 0x76, 0x7f, 0xff, 0xff, 0xff, 0xff, 0xff, 0x8e, 0x7f, 0xff, 0xff, 
	0xff, 0xff, 0xff, 0xfe, 0x7f, 0xff, 0xff, 0xff, 0xff, 0xff, 0xfe, 0x3f, 0xff, 0xff, 0xff, 0xff, 
	0xff, 0xfc, 0x1f, 0xff, 0xff, 0xff, 0xff, 0xff, 0xf8, 0x00, 0x00, 0x00, 0x00, 0x00, 0x00, 0x00
};
// '02_spade', 56x80px
const unsigned char epd_bitmap_02_spade [] PROGMEM = {
	0x00, 0x00, 0x00, 0x00, 0x00, 0x00, 0x00, 0x1f, 0xff, 0xff, 0xff, 0xff, 0xff, 0xf8, 0x3f, 0xff, 
	0xff, 0xff, 0xff, 0xff, 0xfc, 0x7f, 0xff, 0xff, 0xff, 0xff, 0xff, 0xfe, 0x71, 0xff, 0xff, 0xff, 
	0xff, 0xff, 0xfe, 0x6e, 0xff, 0xff, 0xff, 0xff, 0xff, 0xfe, 0x7e, 0xff, 0xff, 0xff, 0xff, 0xff, 
	0xfe, 0x71, 0xff, 0xff, 0xff, 0xff, 0xff, 0xfe, 0x6f, 0xff, 0xff, 0xe7, 0xff, 0xff, 0xfe, 0x6f, 
	0xff, 0xff, 0xc3, 0xff, 0xff, 0xfe, 0x60, 0xff, 0xff, 0x81, 0xff, 0xff, 0xfe, 0x7f, 0xff, 0xff, 
	0x00, 0xff, 0xff, 0xfe, 0x7b, 0xff, 0xfe, 0x00, 0x7f, 0xff, 0xfe, 0x71, 0xff, 0xfe, 0x00, 0x7f, 
	0xff, 0xfe, 0x60, 0xff, 0xfe, 0x00, 0x7f, 0xff, 0xfe, 0x60, 0xff, 0xff, 0x24, 0xff, 0xff, 0xfe, 
	0x7b, 0xff, 0xff, 0xe7, 0xff, 0xff, 0xfe, 0x71, 0xff, 0xff, 0x81, 0xff, 0xff, 0xfe, 0x7f, 0xff, 
	0xff, 0xff, 0xff, 0xff, 0xfe, 0x7f, 0xff, 0xff, 0xff, 0xff, 0xff, 0xfe, 0x7f, 0xff, 0xff, 0xff, 
	0xff, 0xff, 0xfe, 0x7f, 0xff, 0xff, 0xff, 0xff, 0xff, 0xfe, 0x7f, 0xff, 0xff, 0xff, 0xff, 0xff, 
	0xfe, 0x7f, 0xff, 0xff, 0xff, 0xff, 0xff, 0xfe, 0x7f, 0xff, 0xff, 0xff, 0xff, 0xff, 0xfe, 0x7f, 
	0xff, 0xff, 0xff, 0xff, 0xff, 0xfe, 0x7f, 0xff, 0xff, 0xff, 0xff, 0xff, 0xfe, 0x7f, 0xff, 0xff, 
	0xff, 0xff, 0xff, 0xfe, 0x7f, 0xff, 0xff, 0xff, 0xff, 0xff, 0xfe, 0x7f, 0xff, 0xff, 0xff, 0xff, 
	0xff, 0xfe, 0x7f, 0xff, 0xff, 0xff, 0xff, 0xff, 0xfe, 0x7f, 0xff, 0xff, 0xff, 0xff, 0xff, 0xfe, 
	0x7f, 0xff, 0xff, 0xff, 0xff, 0xff, 0xfe, 0x7f, 0xff, 0xff, 0xff, 0xff, 0xff, 0xfe, 0x7f, 0xff, 
	0xff, 0xff, 0xff, 0xff, 0xfe, 0x7f, 0xff, 0xff, 0xff, 0xff, 0xff, 0xfe, 0x7f, 0xff, 0xff, 0xff, 
	0xff, 0xff, 0xfe, 0x7f, 0xff, 0xff, 0xff, 0xff, 0xff, 0xfe, 0x7f, 0xff, 0xff, 0xff, 0xff, 0xff, 
	0xfe, 0x7f, 0xff, 0xff, 0xff, 0xff, 0xff, 0xfe, 0x7f, 0xff, 0xff, 0xff, 0xff, 0xff, 0xfe, 0x7f, 
	0xff, 0xff, 0xff, 0xff, 0xff, 0xfe, 0x7f, 0xff, 0xff, 0xff, 0xff, 0xff, 0xfe, 0x7f, 0xff, 0xff, 
	0xff, 0xff, 0xff, 0xfe, 0x7f, 0xff, 0xff, 0xff, 0xff, 0xff, 0xfe, 0x7f, 0xff, 0xff, 0xff, 0xff, 
	0xff, 0xfe, 0x7f, 0xff, 0xff, 0xff, 0xff, 0xff, 0xfe, 0x7f, 0xff, 0xff, 0xff, 0xff, 0xff, 0xfe, 
	0x7f, 0xff, 0xff, 0xff, 0xff, 0xff, 0xfe, 0x7f, 0xff, 0xff, 0xff, 0xff, 0xff, 0xfe, 0x7f, 0xff, 
	0xff, 0xff, 0xff, 0xff, 0xfe, 0x7f, 0xff, 0xff, 0xff, 0xff, 0xff, 0xfe, 0x7f, 0xff, 0xff, 0xff, 
	0xff, 0xff, 0xfe, 0x7f, 0xff, 0xff, 0xff, 0xff, 0xff, 0xfe, 0x7f, 0xff, 0xff, 0xff, 0xff, 0xff, 
	0xfe, 0x7f, 0xff, 0xff, 0xff, 0xff, 0xff, 0xfe, 0x7f, 0xff, 0xff, 0xff, 0xff, 0xff, 0xfe, 0x7f, 
	0xff, 0xff, 0xff, 0xff, 0xff, 0xfe, 0x7f, 0xff, 0xff, 0xff, 0xff, 0xff, 0xfe, 0x7f, 0xff, 0xff, 
	0xff, 0xff, 0xff, 0xfe, 0x7f, 0xff, 0xff, 0xff, 0xff, 0xff, 0xfe, 0x7f, 0xff, 0xff, 0xff, 0xff, 
	0xff, 0x8e, 0x7f, 0xff, 0xff, 0x81, 0xff, 0xff, 0xde, 0x7f, 0xff, 0xff, 0xe7, 0xff, 0xff, 0x06, 
	0x7f, 0xff, 0xff, 0x24, 0xff, 0xff, 0x06, 0x7f, 0xff, 0xfe, 0x00, 0x7f, 0xff, 0x8e, 0x7f, 0xff, 
	0xfe, 0x00, 0x7f, 0xff, 0xde, 0x7f, 0xff, 0xfe, 0x00, 0x7f, 0xff, 0xfe, 0x7f, 0xff, 0xff, 0x00, 
	0xff, 0xff, 0x06, 0x7f, 0xff, 0xff, 0x81, 0xff, 0xff, 0xf6, 0x7f, 0xff, 0xff, 0xc3, 0xff, 0xff, 
	0xf6, 0x7f, 0xff, 0xff, 0xe7, 0xff, 0xff, 0x8e, 0x7f, 0xff, 0xff, 0xff, 0xff, 0xff, 0x7e, 0x7f, 
	0xff, 0xff, 0xff, 0xff, 0xff, 0x76, 0x7f, 0xff, 0xff, 0xff, 0xff, 0xff, 0x8e, 0x7f, 0xff, 0xff, 
	0xff, 0xff, 0xff, 0xfe, 0x7f, 0xff, 0xff, 0xff, 0xff, 0xff, 0xfe, 0x3f, 0xff, 0xff, 0xff, 0xff, 
	0xff, 0xfc, 0x1f, 0xff, 0xff, 0xff, 0xff, 0xff, 0xf8, 0x00, 0x00, 0x00, 0x00, 0x00, 0x00, 0x00
};
// '03_clubs', 56x80px
const unsigned char epd_bitmap_03_clubs [] PROGMEM = {
	0x00, 0x00, 0x00, 0x00, 0x00, 0x00, 0x00, 0x1f, 0xff, 0xff, 0xff, 0xff, 0xff, 0xf8, 0x3f, 0xff, 
	0xff, 0xff, 0xff, 0xff, 0xfc, 0x7f, 0xff, 0xff, 0xff, 0xff, 0xff, 0xfe, 0x71, 0xff, 0xff, 0xff, 
	0xff, 0xff, 0xfe, 0x6e, 0xff, 0xff, 0xff, 0xff, 0xff, 0xfe, 0x7e, 0xff, 0xff, 0xff, 0xff, 0xff, 
	0xfe, 0x79, 0xff, 0xff, 0xff, 0xff, 0xff, 0xfe, 0x7e, 0xff, 0xff, 0xe7, 0xff, 0xff, 0xfe, 0x6e, 
	0xff, 0xff, 0xc3, 0xff, 0xff, 0xfe, 0x71, 0xff, 0xff, 0xc3, 0xff, 0xff, 0xfe, 0x7f, 0xff, 0xff, 
	0xc3, 0xff, 0xff, 0xfe, 0x7b, 0xff, 0xff, 0x24, 0xff, 0xff, 0xfe, 0x71, 0xff, 0xfe, 0x00, 0x7f, 
	0xff, 0xfe, 0x64, 0xff, 0xfe, 0x00, 0x7f, 0xff, 0xfe, 0x71, 0xff, 0xff, 0x24, 0xff, 0xff, 0xfe, 
	0x7b, 0xff, 0xff, 0xc3, 0xff, 0xff, 0xfe, 0x71, 0xff, 0xff, 0x81, 0xff, 0xff, 0xfe, 0x7f, 0xff, 
	0xff, 0xff, 0xff, 0xff, 0xfe, 0x7f, 0xff, 0xff, 0xff, 0xff, 0xff, 0xfe, 0x7f, 0xff, 0xff, 0xff, 
	0xff, 0xff, 0xfe, 0x7f, 0xff, 0xff, 0xff, 0xff, 0xff, 0xfe, 0x7f, 0xff, 0xff, 0xff, 0xff, 0xff, 
	0xfe, 0x7f, 0xff, 0xff, 0xff, 0xff, 0xff, 0xfe, 0x7f, 0xff, 0xff, 0xff, 0xff, 0xff, 0xfe, 0x7f, 
	0xff, 0xff, 0xff, 0xff, 0xff, 0xfe, 0x7f, 0xff, 0xff, 0xff, 0xff, 0xff, 0xfe, 0x7f, 0xff, 0xff, 
	0xff, 0xff, 0xff, 0xfe, 0x7f, 0xff, 0xff, 0xff, 0xff, 0xff, 0xfe, 0x7f, 0xff, 0xff, 0xff, 0xff, 
	0xff, 0xfe, 0x7f, 0xff, 0xff, 0xff, 0xff, 0xff, 0xfe, 0x7f, 0xff, 0xff, 0xff, 0xff, 0xff, 0xfe, 
	0x7f, 0xff, 0xff, 0xff, 0xff, 0xff, 0xfe, 0x7f, 0xff, 0xff, 0xff, 0xff, 0xff, 0xfe, 0x7f, 0xff, 
	0xff, 0xff, 0xff, 0xff, 0xfe, 0x7f, 0xff, 0xff, 0xe7, 0xff, 0xff, 0xfe, 0x7f, 0xff, 0xff, 0xc3, 
	0xff, 0xff, 0xfe, 0x7f, 0xff, 0xff, 0xc3, 0xff, 0xff, 0xfe, 0x7f, 0xff, 0xff, 0xc3, 0xff, 0xff, 
	0xfe, 0x7f, 0xff, 0xff, 0x24, 0xff, 0xff, 0xfe, 0x7f, 0xff, 0xfe, 0x00, 0x7f, 0xff, 0xfe, 0x7f, 
	0xff, 0xfe, 0x00, 0x7f, 0xff, 0xfe, 0x7f, 0xff, 0xff, 0x24, 0xff, 0xff, 0xfe, 0x7f, 0xff, 0xff, 
	0xc3, 0xff, 0xff, 0xfe, 0x7f, 0xff, 0xff, 0x81, 0xff, 0xff, 0xfe, 0x7f, 0xff, 0xff, 0xff, 0xff, 
	0xff, 0xfe, 0x7f, 0xff, 0xff, 0xff, 0xff, 0xff, 0xfe, 0x7f, 0xff, 0xff, 0xff, 0xff, 0xff, 0xfe, 
	0x7f, 0xff, 0xff, 0xff, 0xff, 0xff, 0xfe, 0x7f, 0xff, 0xff, 0xff, 0xff, 0xff, 0xfe, 0x7f, 0xff, 
	0xff, 0xff, 0xff, 0xff, 0xfe, 0x7f, 0xff, 0xff, 0xff, 0xff, 0xff, 0xfe, 0x7f, 0xff, 0xff, 0xff, 
	0xff, 0xff, 0xfe, 0x7f, 0xff, 0xff, 0xff, 0xff, 0xff, 0xfe, 0x7f, 0xff, 0xff, 0xff, 0xff, 0xff, 
	0xfe, 0x7f, 0xff, 0xff, 0xff, 0xff, 0xff, 0xfe, 0x7f, 0xff, 0xff, 0xff, 0xff, 0xff, 0xfe, 0x7f, 
	0xff, 0xff, 0xff, 0xff, 0xff, 0xfe, 0x7f, 0xff, 0xff, 0xff, 0xff, 0xff, 0xfe, 0x7f, 0xff, 0xff, 
	0xff, 0xff, 0xff, 0xfe, 0x7f, 0xff, 0xff, 0xff, 0xff, 0xff, 0xfe, 0x7f, 0xff, 0xff, 0xff, 0xff, 
	0xff, 0x8e, 0x7f, 0xff, 0xff, 0x81, 0xff, 0xff, 0xde, 0x7f, 0xff, 0xff, 0xc3, 0xff, 0xff, 0x8e, 
	0x7f, 0xff, 0xff, 0x24, 0xff, 0xff, 0x26, 0x7f, 0xff, 0xfe, 0x00, 0x7f, 0xff, 0x8e, 0x7f, 0xff, 
	0xfe, 0x00, 0x7f, 0xff, 0xde, 0x7f, 0xff, 0xff, 0x24, 0xff, 0xff, 0xfe, 0x7f, 0xff, 0xff, 0xc3, 
	0xff, 0xff, 0x8e, 0x7f, 0xff, 0xff, 0xc3, 0xff, 0xff, 0x76, 0x7f, 0xff, 0xff, 0xc3, 0xff, 0xff, 
	0x7e, 0x7f, 0xff, 0xff, 0xe7, 0xff, 0xff, 0x9e, 0x7f, 0xff, 0xff, 0xff, 0xff, 0xff, 0x7e, 0x7f, 
	0xff, 0xff, 0xff, 0xff, 0xff, 0x76, 0x7f, 0xff, 0xff, 0xff, 0xff, 0xff, 0x8e, 0x7f, 0xff, 0xff, 
	0xff, 0xff, 0xff, 0xfe, 0x7f, 0xff, 0xff, 0xff, 0xff, 0xff, 0xfe, 0x3f, 0xff, 0xff, 0xff, 0xff, 
	0xff, 0xfc, 0x1f, 0xff, 0xff, 0xff, 0xff, 0xff, 0xf8, 0x00, 0x00, 0x00, 0x00, 0x00, 0x00, 0x00
};
// '03_diamond', 56x80px
const unsigned char epd_bitmap_03_diamond [] PROGMEM = {
	0x00, 0x00, 0x00, 0x00, 0x00, 0x00, 0x00, 0x1f, 0xff, 0xff, 0xff, 0xff, 0xff, 0xf8, 0x3f, 0xff, 
	0xff, 0xff, 0xff, 0xff, 0xfc, 0x7f, 0xff, 0xff, 0xff, 0xff, 0xff, 0xfe, 0x71, 0xff, 0xff, 0xff, 
	0xff, 0xff, 0xfe, 0x6e, 0xff, 0xff, 0xff, 0xff, 0xff, 0xfe, 0x7e, 0xff, 0xff, 0xff, 0xff, 0xff, 
	0xfe, 0x79, 0xff, 0xff, 0xff, 0xff, 0xff, 0xfe, 0x7e, 0xff, 0xff, 0xe7, 0xff, 0xff, 0xfe, 0x6e, 
	0xff, 0xff, 0xc3, 0xff, 0xff, 0xfe, 0x71, 0xff, 0xff, 0x81, 0xff, 0xff, 0xfe, 0x7f, 0xff, 0xff, 
	0x00, 0xff, 0xff, 0xfe, 0x7b, 0xff, 0xfe, 0x00, 0x7f, 0xff, 0xfe, 0x71, 0xff, 0xfe, 0x00, 0x7f, 
	0xff, 0xfe, 0x60, 0xff, 0xff, 0x00, 0xff, 0xff, 0xfe, 0x60, 0xff, 0xff, 0x81, 0xff, 0xff, 0xfe, 
	0x71, 0xff, 0xff, 0xc3, 0xff, 0xff, 0xfe, 0x7b, 0xff, 0xff, 0xe7, 0xff, 0xff, 0xfe, 0x7f, 0xff, 
	0xff, 0xff, 0xff, 0xff, 0xfe, 0x7f, 0xff, 0xff, 0xff, 0xff, 0xff, 0xfe, 0x7f, 0xff, 0xff, 0xff, 
	0xff, 0xff, 0xfe, 0x7f, 0xff, 0xff, 0xff, 0xff, 0xff, 0xfe, 0x7f, 0xff, 0xff, 0xff, 0xff, 0xff, 
	0xfe, 0x7f, 0xff, 0xff, 0xff, 0xff, 0xff, 0xfe, 0x7f, 0xff, 0xff, 0xff, 0xff, 0xff, 0xfe, 0x7f, 
	0xff, 0xff, 0xff, 0xff, 0xff, 0xfe, 0x7f, 0xff, 0xff, 0xff, 0xff, 0xff, 0xfe, 0x7f, 0xff, 0xff, 
	0xff, 0xff, 0xff, 0xfe, 0x7f, 0xff, 0xff, 0xff, 0xff, 0xff, 0xfe, 0x7f, 0xff, 0xff, 0xff, 0xff, 
	0xff, 0xfe, 0x7f, 0xff, 0xff, 0xff, 0xff, 0xff, 0xfe, 0x7f, 0xff, 0xff, 0xff, 0xff, 0xff, 0xfe, 
	0x7f, 0xff, 0xff, 0xff, 0xff, 0xff, 0xfe, 0x7f, 0xff, 0xff, 0xff, 0xff, 0xff, 0xfe, 0x7f, 0xff, 
	0xff, 0xff, 0xff, 0xff, 0xfe, 0x7f, 0xff, 0xff, 0xe7, 0xff, 0xff, 0xfe, 0x7f, 0xff, 0xff, 0xc3, 
	0xff, 0xff, 0xfe, 0x7f, 0xff, 0xff, 0x81, 0xff, 0xff, 0xfe, 0x7f, 0xff, 0xff, 0x00, 0xff, 0xff, 
	0xfe, 0x7f, 0xff, 0xfe, 0x00, 0x7f, 0xff, 0xfe, 0x7f, 0xff, 0xfe, 0x00, 0x7f, 0xff, 0xfe, 0x7f, 
	0xff, 0xff, 0x00, 0xff, 0xff, 0xfe, 0x7f, 0xff, 0xff, 0x81, 0xff, 0xff, 0xfe, 0x7f, 0xff, 0xff, 
	0xc3, 0xff, 0xff, 0xfe, 0x7f, 0xff, 0xff, 0xe7, 0xff, 0xff, 0xfe, 0x7f, 0xff, 0xff, 0xff, 0xff, 
	0xff, 0xfe, 0x7f, 0xff, 0xff, 0xff, 0xff, 0xff, 0xfe, 0x7f, 0xff, 0xff, 0xff, 0xff, 0xff, 0xfe, 
	0x7f, 0xff, 0xff, 0xff, 0xff, 0xff, 0xfe, 0x7f, 0xff, 0xff, 0xff, 0xff, 0xff, 0xfe, 0x7f, 0xff, 
	0xff, 0xff, 0xff, 0xff, 0xfe, 0x7f, 0xff, 0xff, 0xff, 0xff, 0xff, 0xfe, 0x7f, 0xff, 0xff, 0xff, 
	0xff, 0xff, 0xfe, 0x7f, 0xff, 0xff, 0xff, 0xff, 0xff, 0xfe, 0x7f, 0xff, 0xff, 0xff, 0xff, 0xff, 
	0xfe, 0x7f, 0xff, 0xff, 0xff, 0xff, 0xff, 0xfe, 0x7f, 0xff, 0xff, 0xff, 0xff, 0xff, 0xfe, 0x7f, 
	0xff, 0xff, 0xff, 0xff, 0xff, 0xfe, 0x7f, 0xff, 0xff, 0xff, 0xff, 0xff, 0xfe, 0x7f, 0xff, 0xff, 
	0xff, 0xff, 0xff, 0xfe, 0x7f, 0xff, 0xff, 0xff, 0xff, 0xff, 0xfe, 0x7f, 0xff, 0xff, 0xe7, 0xff, 
	0xff, 0xde, 0x7f, 0xff, 0xff, 0xc3, 0xff, 0xff, 0x8e, 0x7f, 0xff, 0xff, 0x81, 0xff, 0xff, 0x06, 
	0x7f, 0xff, 0xff, 0x00, 0xff, 0xff, 0x06, 0x7f, 0xff, 0xfe, 0x00, 0x7f, 0xff, 0x8e, 0x7f, 0xff, 
	0xfe, 0x00, 0x7f, 0xff, 0xde, 0x7f, 0xff, 0xff, 0x00, 0xff, 0xff, 0xfe, 0x7f, 0xff, 0xff, 0x81, 
	0xff, 0xff, 0x8e, 0x7f, 0xff, 0xff, 0xc3, 0xff, 0xff, 0x76, 0x7f, 0xff, 0xff, 0xe7, 0xff, 0xff, 
	0x7e, 0x7f, 0xff, 0xff, 0xff, 0xff, 0xff, 0x9e, 0x7f, 0xff, 0xff, 0xff, 0xff, 0xff, 0x7e, 0x7f, 
	0xff, 0xff, 0xff, 0xff, 0xff, 0x76, 0x7f, 0xff, 0xff, 0xff, 0xff, 0xff, 0x8e, 0x7f, 0xff, 0xff, 
	0xff, 0xff, 0xff, 0xfe, 0x7f, 0xff, 0xff, 0xff, 0xff, 0xff, 0xfe, 0x3f, 0xff, 0xff, 0xff, 0xff, 
	0xff, 0xfc, 0x1f, 0xff, 0xff, 0xff, 0xff, 0xff, 0xf8, 0x00, 0x00, 0x00, 0x00, 0x00, 0x00, 0x00
};
// '03_heart', 56x80px
const unsigned char epd_bitmap_03_heart [] PROGMEM = {
	0x00, 0x00, 0x00, 0x00, 0x00, 0x00, 0x00, 0x1f, 0xff, 0xff, 0xff, 0xff, 0xff, 0xf8, 0x3f, 0xff, 
	0xff, 0xff, 0xff, 0xff, 0xfc, 0x7f, 0xff, 0xff, 0xff, 0xff, 0xff, 0xfe, 0x71, 0xff, 0xff, 0xff, 
	0xff, 0xff, 0xfe, 0x6e, 0xff, 0xff, 0xff, 0xff, 0xff, 0xfe, 0x7e, 0xff, 0xff, 0xff, 0xff, 0xff, 
	0xfe, 0x79, 0xff, 0xff, 0xff, 0xff, 0xff, 0xfe, 0x7e, 0xff, 0xff, 0xff, 0xff, 0xff, 0xfe, 0x6e, 
	0xff, 0xff, 0x18, 0xff, 0xff, 0xfe, 0x71, 0xff, 0xfe, 0x00, 0x7f, 0xff, 0xfe, 0x7f, 0xff, 0xfe, 
	0x00, 0x7f, 0xff, 0xfe, 0x64, 0xff, 0xfe, 0x00, 0x7f, 0xff, 0xfe, 0x60, 0xff, 0xff, 0x00, 0xff, 
	0xff, 0xfe, 0x60, 0xff, 0xff, 0x81, 0xff, 0xff, 0xfe, 0x60, 0xff, 0xff, 0xc3, 0xff, 0xff, 0xfe, 
	0x71, 0xff, 0xff, 0xe7, 0xff, 0xff, 0xfe, 0x7b, 0xff, 0xff, 0xff, 0xff, 0xff, 0xfe, 0x7f, 0xff, 
	0xff, 0xff, 0xff, 0xff, 0xfe, 0x7f, 0xff, 0xff, 0xff, 0xff, 0xff, 0xfe, 0x7f, 0xff, 0xff, 0xff, 
	0xff, 0xff, 0xfe, 0x7f, 0xff, 0xff, 0xff, 0xff, 0xff, 0xfe, 0x7f, 0xff, 0xff, 0xff, 0xff, 0xff, 
	0xfe, 0x7f, 0xff, 0xff, 0xff, 0xff, 0xff, 0xfe, 0x7f, 0xff, 0xff, 0xff, 0xff, 0xff, 0xfe, 0x7f, 
	0xff, 0xff, 0xff, 0xff, 0xff, 0xfe, 0x7f, 0xff, 0xff, 0xff, 0xff, 0xff, 0xfe, 0x7f, 0xff, 0xff, 
	0xff, 0xff, 0xff, 0xfe, 0x7f, 0xff, 0xff, 0xff, 0xff, 0xff, 0xfe, 0x7f, 0xff, 0xff, 0xff, 0xff, 
	0xff, 0xfe, 0x7f, 0xff, 0xff, 0xff, 0xff, 0xff, 0xfe, 0x7f, 0xff, 0xff, 0xff, 0xff, 0xff, 0xfe, 
	0x7f, 0xff, 0xff, 0xff, 0xff, 0xff, 0xfe, 0x7f, 0xff, 0xff, 0xff, 0xff, 0xff, 0xfe, 0x7f, 0xff, 
	0xff, 0xff, 0xff, 0xff, 0xfe, 0x7f, 0xff, 0xff, 0xff, 0xff, 0xff, 0xfe, 0x7f, 0xff, 0xff, 0x18, 
	0xff, 0xff, 0xfe, 0x7f, 0xff, 0xfe, 0x00, 0x7f, 0xff, 0xfe, 0x7f, 0xff, 0xfe, 0x00, 0x7f, 0xff, 
	0xfe, 0x7f, 0xff, 0xfe, 0x00, 0x7f, 0xff, 0xfe, 0x7f, 0xff, 0xff, 0x00, 0xff, 0xff, 0xfe, 0x7f, 
	0xff, 0xff, 0x81, 0xff, 0xff, 0xfe, 0x7f, 0xff, 0xff, 0xc3, 0xff, 0xff, 0xfe, 0x7f, 0xff, 0xff, 
	0xe7, 0xff, 0xff, 0xfe, 0x7f, 0xff, 0xff, 0xff, 0xff, 0xff, 0xfe, 0x7f, 0xff, 0xff, 0xff, 0xff, 
	0xff, 0xfe, 0x7f, 0xff, 0xff, 0xff, 0xff, 0xff, 0xfe, 0x7f, 0xff, 0xff, 0xff, 0xff, 0xff, 0xfe, 
	0x7f, 0xff, 0xff, 0xff, 0xff, 0xff, 0xfe, 0x7f, 0xff, 0xff, 0xff, 0xff, 0xff, 0xfe, 0x7f, 0xff, 
	0xff, 0xff, 0xff, 0xff, 0xfe, 0x7f, 0xff, 0xff, 0xff, 0xff, 0xff, 0xfe, 0x7f, 0xff, 0xff, 0xff, 
	0xff, 0xff, 0xfe, 0x7f, 0xff, 0xff, 0xff, 0xff, 0xff, 0xfe, 0x7f, 0xff, 0xff, 0xff, 0xff, 0xff, 
	0xfe, 0x7f, 0xff, 0xff, 0xff, 0xff, 0xff, 0xfe, 0x7f, 0xff, 0xff, 0xff, 0xff, 0xff, 0xfe, 0x7f, 
	0xff, 0xff, 0xff, 0xff, 0xff, 0xfe, 0x7f, 0xff, 0xff, 0xff, 0xff, 0xff, 0xfe, 0x7f, 0xff, 0xff, 
	0xff, 0xff, 0xff, 0xfe, 0x7f, 0xff, 0xff, 0xff, 0xff, 0xff, 0xfe, 0x7f, 0xff, 0xff, 0xff, 0xff, 
	0xff, 0xde, 0x7f, 0xff, 0xff, 0xff, 0xff, 0xff, 0x8e, 0x7f, 0xff, 0xff, 0xe7, 0xff, 0xff, 0x06, 
	0x7f, 0xff, 0xff, 0xc3, 0xff, 0xff, 0x06, 0x7f, 0xff, 0xff, 0x81, 0xff, 0xff, 0x06, 0x7f, 0xff, 
	0xff, 0x00, 0xff, 0xff, 0x26, 0x7f, 0xff, 0xfe, 0x00, 0x7f, 0xff, 0xfe, 0x7f, 0xff, 0xfe, 0x00, 
	0x7f, 0xff, 0x8e, 0x7f, 0xff, 0xfe, 0x00, 0x7f, 0xff, 0x76, 0x7f, 0xff, 0xff, 0x18, 0xff, 0xff, 
	0x7e, 0x7f, 0xff, 0xff, 0xff, 0xff, 0xff, 0x9e, 0x7f, 0xff, 0xff, 0xff, 0xff, 0xff, 0x7e, 0x7f, 
	0xff, 0xff, 0xff, 0xff, 0xff, 0x76, 0x7f, 0xff, 0xff, 0xff, 0xff, 0xff, 0x8e, 0x7f, 0xff, 0xff, 
	0xff, 0xff, 0xff, 0xfe, 0x7f, 0xff, 0xff, 0xff, 0xff, 0xff, 0xfe, 0x3f, 0xff, 0xff, 0xff, 0xff, 
	0xff, 0xfc, 0x1f, 0xff, 0xff, 0xff, 0xff, 0xff, 0xf8, 0x00, 0x00, 0x00, 0x00, 0x00, 0x00, 0x00
};
// '03_spade', 56x80px
const unsigned char epd_bitmap_03_spade [] PROGMEM = {
	0x00, 0x00, 0x00, 0x00, 0x00, 0x00, 0x00, 0x1f, 0xff, 0xff, 0xff, 0xff, 0xff, 0xf8, 0x3f, 0xff, 
	0xff, 0xff, 0xff, 0xff, 0xfc, 0x7f, 0xff, 0xff, 0xff, 0xff, 0xff, 0xfe, 0x71, 0xff, 0xff, 0xff, 
	0xff, 0xff, 0xfe, 0x6e, 0xff, 0xff, 0xff, 0xff, 0xff, 0xfe, 0x7e, 0xff, 0xff, 0xff, 0xff, 0xff, 
	0xfe, 0x79, 0xff, 0xff, 0xff, 0xff, 0xff, 0xfe, 0x7e, 0xff, 0xff, 0xe7, 0xff, 0xff, 0xfe, 0x6e, 
	0xff, 0xff, 0xc3, 0xff, 0xff, 0xfe, 0x71, 0xff, 0xff, 0x81, 0xff, 0xff, 0xfe, 0x7f, 0xff, 0xff, 
	0x00, 0xff, 0xff, 0xfe, 0x7b, 0xff, 0xfe, 0x00, 0x7f, 0xff, 0xfe, 0x71, 0xff, 0xfe, 0x00, 0x7f, 
	0xff, 0xfe, 0x60, 0xff, 0xfe, 0x00, 0x7f, 0xff, 0xfe, 0x60, 0xff, 0xff, 0x24, 0xff, 0xff, 0xfe, 
	0x7b, 0xff, 0xff, 0xe7, 0xff, 0xff, 0xfe, 0x71, 0xff, 0xff, 0x81, 0xff, 0xff, 0xfe, 0x7f, 0xff, 
	0xff, 0xff, 0xff, 0xff, 0xfe, 0x7f, 0xff, 0xff, 0xff, 0xff, 0xff, 0xfe, 0x7f, 0xff, 0xff, 0xff, 
	0xff, 0xff, 0xfe, 0x7f, 0xff, 0xff, 0xff, 0xff, 0xff, 0xfe, 0x7f, 0xff, 0xff, 0xff, 0xff, 0xff, 
	0xfe, 0x7f, 0xff, 0xff, 0xff, 0xff, 0xff, 0xfe, 0x7f, 0xff, 0xff, 0xff, 0xff, 0xff, 0xfe, 0x7f, 
	0xff, 0xff, 0xff, 0xff, 0xff, 0xfe, 0x7f, 0xff, 0xff, 0xff, 0xff, 0xff, 0xfe, 0x7f, 0xff, 0xff, 
	0xff, 0xff, 0xff, 0xfe, 0x7f, 0xff, 0xff, 0xff, 0xff, 0xff, 0xfe, 0x7f, 0xff, 0xff, 0xff, 0xff, 
	0xff, 0xfe, 0x7f, 0xff, 0xff, 0xff, 0xff, 0xff, 0xfe, 0x7f, 0xff, 0xff, 0xff, 0xff, 0xff, 0xfe, 
	0x7f, 0xff, 0xff, 0xff, 0xff, 0xff, 0xfe, 0x7f, 0xff, 0xff, 0xff, 0xff, 0xff, 0xfe, 0x7f, 0xff, 
	0xff, 0xff, 0xff, 0xff, 0xfe, 0x7f, 0xff, 0xff, 0xe7, 0xff, 0xff, 0xfe, 0x7f, 0xff, 0xff, 0xc3, 
	0xff, 0xff, 0xfe, 0x7f, 0xff, 0xff, 0x81, 0xff, 0xff, 0xfe, 0x7f, 0xff, 0xff, 0x00, 0xff, 0xff, 
	0xfe, 0x7f, 0xff, 0xfe, 0x00, 0x7f, 0xff, 0xfe, 0x7f, 0xff, 0xfe, 0x00, 0x7f, 0xff, 0xfe, 0x7f, 
	0xff, 0xfe, 0x00, 0x7f, 0xff, 0xfe, 0x7f, 0xff, 0xff, 0x24, 0xff, 0xff, 0xfe, 0x7f, 0xff, 0xff, 
	0xe7, 0xff, 0xff, 0xfe, 0x7f, 0xff, 0xff, 0x81, 0xff, 0xff, 0xfe, 0x7f, 0xff, 0xff, 0xff, 0xff, 
	0xff, 0xfe, 0x7f, 0xff, 0xff, 0xff, 0xff, 0xff, 0xfe, 0x7f, 0xff, 0xff, 0xff, 0xff, 0xff, 0xfe, 
	0x7f, 0xff, 0xff, 0xff, 0xff, 0xff, 0xfe, 0x7f, 0xff, 0xff, 0xff, 0xff, 0xff, 0xfe, 0x7f, 0xff, 
	0xff, 0xff, 0xff, 0xff, 0xfe, 0x7f, 0xff, 0xff, 0xff, 0xff, 0xff, 0xfe, 0x7f, 0xff, 0xff, 0xff, 
	0xff, 0xff, 0xfe, 0x7f, 0xff, 0xff, 0xff, 0xff, 0xff, 0xfe, 0x7f, 0xff, 0xff, 0xff, 0xff, 0xff, 
	0xfe, 0x7f, 0xff, 0xff, 0xff, 0xff, 0xff, 0xfe, 0x7f, 0xff, 0xff, 0xff, 0xff, 0xff, 0xfe, 0x7f, 
	0xff, 0xff, 0xff, 0xff, 0xff, 0xfe, 0x7f, 0xff, 0xff, 0xff, 0xff, 0xff, 0xfe, 0x7f, 0xff, 0xff, 
	0xff, 0xff, 0xff, 0xfe, 0x7f, 0xff, 0xff, 0xff, 0xff, 0xff, 0xfe, 0x7f, 0xff, 0xff, 0xff, 0xff, 
	0xff, 0x8e, 0x7f, 0xff, 0xff, 0x81, 0xff, 0xff, 0xde, 0x7f, 0xff, 0xff, 0xe7, 0xff, 0xff, 0x06, 
	0x7f, 0xff, 0xff, 0x24, 0xff, 0xff, 0x06, 0x7f, 0xff, 0xfe, 0x00, 0x7f, 0xff, 0x8e, 0x7f, 0xff, 
	0xfe, 0x00, 0x7f, 0xff, 0xde, 0x7f, 0xff, 0xfe, 0x00, 0x7f, 0xff, 0xfe, 0x7f, 0xff, 0xff, 0x00, 
	0xff, 0xff, 0x8e, 0x7f, 0xff, 0xff, 0x81, 0xff, 0xff, 0x76, 0x7f, 0xff, 0xff, 0xc3, 0xff, 0xff, 
	0x7e, 0x7f, 0xff, 0xff, 0xe7, 0xff, 0xff, 0x9e, 0x7f, 0xff, 0xff, 0xff, 0xff, 0xff, 0x7e, 0x7f, 
	0xff, 0xff, 0xff, 0xff, 0xff, 0x76, 0x7f, 0xff, 0xff, 0xff, 0xff, 0xff, 0x8e, 0x7f, 0xff, 0xff, 
	0xff, 0xff, 0xff, 0xfe, 0x7f, 0xff, 0xff, 0xff, 0xff, 0xff, 0xfe, 0x3f, 0xff, 0xff, 0xff, 0xff, 
	0xff, 0xfc, 0x1f, 0xff, 0xff, 0xff, 0xff, 0xff, 0xf8, 0x00, 0x00, 0x00, 0x00, 0x00, 0x00, 0x00
};
// '04_clubs', 56x80px
const unsigned char epd_bitmap_04_clubs [] PROGMEM = {
	0x00, 0x00, 0x00, 0x00, 0x00, 0x00, 0x00, 0x1f, 0xff, 0xff, 0xff, 0xff, 0xff, 0xf8, 0x3f, 0xff, 
	0xff, 0xff, 0xff, 0xff, 0xfc, 0x7f, 0xff, 0xff, 0xff, 0xff, 0xff, 0xfe, 0x6e, 0xff, 0xff, 0xff, 
	0xff, 0xff, 0xfe, 0x6e, 0xff, 0xff, 0xff, 0xff, 0xff, 0xfe, 0x6e, 0xff, 0xff, 0xff, 0xff, 0xff, 
	0xfe, 0x60, 0xff, 0xff, 0xff, 0xff, 0xff, 0xfe, 0x7e, 0xff, 0xcf, 0xff, 0xf3, 0xff, 0xfe, 0x7e, 
	0xff, 0x87, 0xff, 0xe1, 0xff, 0xfe, 0x7e, 0xff, 0x87, 0xff, 0xe1, 0xff, 0xfe, 0x7f, 0xff, 0x87, 
	0xff, 0xe1, 0xff, 0xfe, 0x7b, 0xfe, 0x49, 0xff, 0x92, 0x7f, 0xfe, 0x71, 0xfc, 0x00, 0xff, 0x00, 
	0x3f, 0xfe, 0x64, 0xfc, 0x00, 0xff, 0x00, 0x3f, 0xfe, 0x71, 0xfe, 0x49, 0xff, 0x92, 0x7f, 0xfe, 
	0x7b, 0xff, 0x87, 0xff, 0xe1, 0xff, 0xfe, 0x71, 0xff, 0x03, 0xff, 0xc0, 0xff, 0xfe, 0x7f, 0xff, 
	0xff, 0xff, 0xff, 0xff, 0xfe, 0x7f, 0xff, 0xff, 0xff, 0xff, 0xff, 0xfe, 0x7f, 0xff, 0xff, 0xff, 
	0xff, 0xff, 0xfe, 0x7f, 0xff, 0xff, 0xff, 0xff, 0xff, 0xfe, 0x7f, 0xff, 0xff, 0xff, 0xff, 0xff, 
	0xfe, 0x7f, 0xff, 0xff, 0xff, 0xff, 0xff, 0xfe, 0x7f, 0xff, 0xff, 0xff, 0xff, 0xff, 0xfe, 0x7f, 
	0xff, 0xff, 0xff, 0xff, 0xff, 0xfe, 0x7f, 0xff, 0xff, 0xff, 0xff, 0xff, 0xfe, 0x7f, 0xff, 0xff, 
	0xff, 0xff, 0xff, 0xfe, 0x7f, 0xff, 0xff, 0xff, 0xff, 0xff, 0xfe, 0x7f, 0xff, 0xff, 0xff, 0xff, 
	0xff, 0xfe, 0x7f, 0xff, 0xff, 0xff, 0xff, 0xff, 0xfe, 0x7f, 0xff, 0xff, 0xff, 0xff, 0xff, 0xfe, 
	0x7f, 0xff, 0xff, 0xff, 0xff, 0xff, 0xfe, 0x7f, 0xff, 0xff, 0xff, 0xff, 0xff, 0xfe, 0x7f, 0xff, 
	0xff, 0xff, 0xff, 0xff, 0xfe, 0x7f, 0xff, 0xff, 0xff, 0xff, 0xff, 0xfe, 0x7f, 0xff, 0xff, 0xff, 
	0xff, 0xff, 0xfe, 0x7f, 0xff, 0xff, 0xff, 0xff, 0xff, 0xfe, 0x7f, 0xff, 0xff, 0xff, 0xff, 0xff, 
	0xfe, 0x7f, 0xff, 0xff, 0xff, 0xff, 0xff, 0xfe, 0x7f, 0xff, 0xff, 0xff, 0xff, 0xff, 0xfe, 0x7f, 
	0xff, 0xff, 0xff, 0xff, 0xff, 0xfe, 0x7f, 0xff, 0xff, 0xff, 0xff, 0xff, 0xfe, 0x7f, 0xff, 0xff, 
	0xff, 0xff, 0xff, 0xfe, 0x7f, 0xff, 0xff, 0xff, 0xff, 0xff, 0xfe, 0x7f, 0xff, 0xff, 0xff, 0xff, 
	0xff, 0xfe, 0x7f, 0xff, 0xff, 0xff, 0xff, 0xff, 0xfe, 0x7f, 0xff, 0xff, 0xff, 0xff, 0xff, 0xfe, 
	0x7f, 0xff, 0xff, 0xff, 0xff, 0xff, 0xfe, 0x7f, 0xff, 0xff, 0xff, 0xff, 0xff, 0xfe, 0x7f, 0xff, 
	0xff, 0xff, 0xff, 0xff, 0xfe, 0x7f, 0xff, 0xff, 0xff, 0xff, 0xff, 0xfe, 0x7f, 0xff, 0xff, 0xff, 
	0xff, 0xff, 0xfe, 0x7f, 0xff, 0xff, 0xff, 0xff, 0xff, 0xfe, 0x7f, 0xff, 0xff, 0xff, 0xff, 0xff, 
	0xfe, 0x7f, 0xff, 0xff, 0xff, 0xff, 0xff, 0xfe, 0x7f, 0xff, 0xff, 0xff, 0xff, 0xff, 0xfe, 0x7f, 
	0xff, 0xff, 0xff, 0xff, 0xff, 0xfe, 0x7f, 0xff, 0xff, 0xff, 0xff, 0xff, 0xfe, 0x7f, 0xff, 0xff, 
	0xff, 0xff, 0xff, 0xfe, 0x7f, 0xff, 0xff, 0xff, 0xff, 0xff, 0xfe, 0x7f, 0xff, 0xff, 0xff, 0xff, 
	0xff, 0x8e, 0x7f, 0xff, 0x03, 0xff, 0xc0, 0xff, 0xde, 0x7f, 0xff, 0x87, 0xff, 0xe1, 0xff, 0x8e, 
	0x7f, 0xfe, 0x49, 0xff, 0x92, 0x7f, 0x26, 0x7f, 0xfc, 0x00, 0xff, 0x00, 0x3f, 0x8e, 0x7f, 0xfc, 
	0x00, 0xff, 0x00, 0x3f, 0xde, 0x7f, 0xfe, 0x49, 0xff, 0x92, 0x7f, 0xfe, 0x7f, 0xff, 0x87, 0xff, 
	0xe1, 0xff, 0x7e, 0x7f, 0xff, 0x87, 0xff, 0xe1, 0xff, 0x7e, 0x7f, 0xff, 0x87, 0xff, 0xe1, 0xff, 
	0x7e, 0x7f, 0xff, 0xcf, 0xff, 0xf3, 0xff, 0x06, 0x7f, 0xff, 0xff, 0xff, 0xff, 0xff, 0x76, 0x7f, 
	0xff, 0xff, 0xff, 0xff, 0xff, 0x76, 0x7f, 0xff, 0xff, 0xff, 0xff, 0xff, 0x76, 0x7f, 0xff, 0xff, 
	0xff, 0xff, 0xff, 0xfe, 0x7f, 0xff, 0xff, 0xff, 0xff, 0xff, 0xfe, 0x3f, 0xff, 0xff, 0xff, 0xff, 
	0xff, 0xfc, 0x1f, 0xff, 0xff, 0xff, 0xff, 0xff, 0xf8, 0x00, 0x00, 0x00, 0x00, 0x00, 0x00, 0x00
};
// '04_diamond', 56x80px
const unsigned char epd_bitmap_04_diamond [] PROGMEM = {
	0x00, 0x00, 0x00, 0x00, 0x00, 0x00, 0x00, 0x1f, 0xff, 0xff, 0xff, 0xff, 0xff, 0xf8, 0x3f, 0xff, 
	0xff, 0xff, 0xff, 0xff, 0xfc, 0x7f, 0xff, 0xff, 0xff, 0xff, 0xff, 0xfe, 0x6e, 0xff, 0xff, 0xff, 
	0xff, 0xff, 0xfe, 0x6e, 0xff, 0xff, 0xff, 0xff, 0xff, 0xfe, 0x6e, 0xff, 0xff, 0xff, 0xff, 0xff, 
	0xfe, 0x60, 0xff, 0xff, 0xff, 0xff, 0xff, 0xfe, 0x7e, 0xff, 0xcf, 0xff, 0xf3, 0xff, 0xfe, 0x7e, 
	0xff, 0x87, 0xff, 0xe1, 0xff, 0xfe, 0x7e, 0xff, 0x03, 0xff, 0xc0, 0xff, 0xfe, 0x7f, 0xfe, 0x01, 
	0xff, 0x80, 0x7f, 0xfe, 0x7b, 0xfc, 0x00, 0xff, 0x00, 0x3f, 0xfe, 0x71, 0xfc, 0x00, 0xff, 0x00, 
	0x3f, 0xfe, 0x60, 0xfe, 0x01, 0xff, 0x80, 0x7f, 0xfe, 0x60, 0xff, 0x03, 0xff, 0xc0, 0xff, 0xfe, 
	0x71, 0xff, 0x87, 0xff, 0xe1, 0xff, 0xfe, 0x7b, 0xff, 0xcf, 0xff, 0xf3, 0xff, 0xfe, 0x7f, 0xff, 
	0xff, 0xff, 0xff, 0xff, 0xfe, 0x7f, 0xff, 0xff, 0xff, 0xff, 0xff, 0xfe, 0x7f, 0xff, 0xff, 0xff, 
	0xff, 0xff, 0xfe, 0x7f, 0xff, 0xff, 0xff, 0xff, 0xff, 0xfe, 0x7f, 0xff, 0xff, 0xff, 0xff, 0xff, 
	0xfe, 0x7f, 0xff, 0xff, 0xff, 0xff, 0xff, 0xfe, 0x7f, 0xff, 0xff, 0xff, 0xff, 0xff, 0xfe, 0x7f, 
	0xff, 0xff, 0xff, 0xff, 0xff, 0xfe, 0x7f, 0xff, 0xff, 0xff, 0xff, 0xff, 0xfe, 0x7f, 0xff, 0xff, 
	0xff, 0xff, 0xff, 0xfe, 0x7f, 0xff, 0xff, 0xff, 0xff, 0xff, 0xfe, 0x7f, 0xff, 0xff, 0xff, 0xff, 
	0xff, 0xfe, 0x7f, 0xff, 0xff, 0xff, 0xff, 0xff, 0xfe, 0x7f, 0xff, 0xff, 0xff, 0xff, 0xff, 0xfe, 
	0x7f, 0xff, 0xff, 0xff, 0xff, 0xff, 0xfe, 0x7f, 0xff, 0xff, 0xff, 0xff, 0xff, 0xfe, 0x7f, 0xff, 
	0xff, 0xff, 0xff, 0xff, 0xfe, 0x7f, 0xff, 0xff, 0xff, 0xff, 0xff, 0xfe, 0x7f, 0xff, 0xff, 0xff, 
	0xff, 0xff, 0xfe, 0x7f, 0xff, 0xff, 0xff, 0xff, 0xff, 0xfe, 0x7f, 0xff, 0xff, 0xff, 0xff, 0xff, 
	0xfe, 0x7f, 0xff, 0xff, 0xff, 0xff, 0xff, 0xfe, 0x7f, 0xff, 0xff, 0xff, 0xff, 0xff, 0xfe, 0x7f, 
	0xff, 0xff, 0xff, 0xff, 0xff, 0xfe, 0x7f, 0xff, 0xff, 0xff, 0xff, 0xff, 0xfe, 0x7f, 0xff, 0xff, 
	0xff, 0xff, 0xff, 0xfe, 0x7f, 0xff, 0xff, 0xff, 0xff, 0xff, 0xfe, 0x7f, 0xff, 0xff, 0xff, 0xff, 
	0xff, 0xfe, 0x7f, 0xff, 0xff, 0xff, 0xff, 0xff, 0xfe, 0x7f, 0xff, 0xff, 0xff, 0xff, 0xff, 0xfe, 
	0x7f, 0xff, 0xff, 0xff, 0xff, 0xff, 0xfe, 0x7f, 0xff, 0xff, 0xff, 0xff, 0xff, 0xfe, 0x7f, 0xff, 
	0xff, 0xff, 0xff, 0xff, 0xfe, 0x7f, 0xff, 0xff, 0xff, 0xff, 0xff, 0xfe, 0x7f, 0xff, 0xff, 0xff, 
	0xff, 0xff, 0xfe, 0x7f, 0xff, 0xff, 0xff, 0xff, 0xff, 0xfe, 0x7f, 0xff, 0xff, 0xff, 0xff, 0xff, 
	0xfe, 0x7f, 0xff, 0xff, 0xff, 0xff, 0xff, 0xfe, 0x7f, 0xff, 0xff, 0xff, 0xff, 0xff, 0xfe, 0x7f, 
	0xff, 0xff, 0xff, 0xff, 0xff, 0xfe, 0x7f, 0xff, 0xff, 0xff, 0xff, 0xff, 0xfe, 0x7f, 0xff, 0xff, 
	0xff, 0xff, 0xff, 0xfe, 0x7f, 0xff, 0xff, 0xff, 0xff, 0xff, 0xfe, 0x7f, 0xff, 0xff, 0xff, 0xff, 
	0xff, 0xde, 0x7f, 0xff, 0xcf, 0xff, 0xf3, 0xff, 0x8e, 0x7f, 0xff, 0x87, 0xff, 0xe1, 0xff, 0x06, 
	0x7f, 0xff, 0x03, 0xff, 0xc0, 0xff, 0x06, 0x7f, 0xfe, 0x01, 0xff, 0x80, 0x7f, 0x8e, 0x7f, 0xfc, 
	0x00, 0xff, 0x00, 0x3f, 0xde, 0x7f, 0xfc, 0x00, 0xff, 0x00, 0x3f, 0xfe, 0x7f, 0xfe, 0x01, 0xff, 
	0x80, 0x7f, 0x7e, 0x7f, 0xff, 0x03, 0xff, 0xc0, 0xff, 0x7e, 0x7f, 0xff, 0x87, 0xff, 0xe1, 0xff, 
	0x7e, 0x7f, 0xff, 0xcf, 0xff, 0xf3, 0xff, 0x06, 0x7f, 0xff, 0xff, 0xff, 0xff, 0xff, 0x76, 0x7f, 
	0xff, 0xff, 0xff, 0xff, 0xff, 0x76, 0x7f, 0xff, 0xff, 0xff, 0xff, 0xff, 0x76, 0x7f, 0xff, 0xff, 
	0xff, 0xff, 0xff, 0xfe, 0x7f, 0xff, 0xff, 0xff, 0xff, 0xff, 0xfe, 0x3f, 0xff, 0xff, 0xff, 0xff, 
	0xff, 0xfc, 0x1f, 0xff, 0xff, 0xff, 0xff, 0xff, 0xf8, 0x00, 0x00, 0x00, 0x00, 0x00, 0x00, 0x00
};
// '04_heart', 56x80px
const unsigned char epd_bitmap_04_heart [] PROGMEM = {
	0x00, 0x00, 0x00, 0x00, 0x00, 0x00, 0x00, 0x1f, 0xff, 0xff, 0xff, 0xff, 0xff, 0xf8, 0x3f, 0xff, 
	0xff, 0xff, 0xff, 0xff, 0xfc, 0x7f, 0xff, 0xff, 0xff, 0xff, 0xff, 0xfe, 0x6e, 0xff, 0xff, 0xff, 
	0xff, 0xff, 0xfe, 0x6e, 0xff, 0xff, 0xff, 0xff, 0xff, 0xfe, 0x6e, 0xff, 0xff, 0xff, 0xff, 0xff, 
	0xfe, 0x60, 0xff, 0xff, 0xff, 0xff, 0xff, 0xfe, 0x7e, 0xff, 0xff, 0xff, 0xff, 0xff, 0xfe, 0x7e, 
	0xfe, 0x31, 0xff, 0x8c, 0x7f, 0xfe, 0x7e, 0xfc, 0x00, 0xff, 0x00, 0x3f, 0xfe, 0x7f, 0xfc, 0x00, 
	0xff, 0x00, 0x3f, 0xfe, 0x64, 0xfc, 0x00, 0xff, 0x00, 0x3f, 0xfe, 0x60, 0xfe, 0x01, 0xff, 0x80, 
	0x7f, 0xfe, 0x60, 0xff, 0x03, 0xff, 0xc0, 0xff, 0xfe, 0x60, 0xff, 0x87, 0xff, 0xe1, 0xff, 0xfe, 
	0x71, 0xff, 0xcf, 0xff, 0xf3, 0xff, 0xfe, 0x7b, 0xff, 0xff, 0xff, 0xff, 0xff, 0xfe, 0x7f, 0xff, 
	0xff, 0xff, 0xff, 0xff, 0xfe, 0x7f, 0xff, 0xff, 0xff, 0xff, 0xff, 0xfe, 0x7f, 0xff, 0xff, 0xff, 
	0xff, 0xff, 0xfe, 0x7f, 0xff, 0xff, 0xff, 0xff, 0xff, 0xfe, 0x7f, 0xff, 0xff, 0xff, 0xff, 0xff, 
	0xfe, 0x7f, 0xff, 0xff, 0xff, 0xff, 0xff, 0xfe, 0x7f, 0xff, 0xff, 0xff, 0xff, 0xff, 0xfe, 0x7f, 
	0xff, 0xff, 0xff, 0xff, 0xff, 0xfe, 0x7f, 0xff, 0xff, 0xff, 0xff, 0xff, 0xfe, 0x7f, 0xff, 0xff, 
	0xff, 0xff, 0xff, 0xfe, 0x7f, 0xff, 0xff, 0xff, 0xff, 0xff, 0xfe, 0x7f, 0xff, 0xff, 0xff, 0xff, 
	0xff, 0xfe, 0x7f, 0xff, 0xff, 0xff, 0xff, 0xff, 0xfe, 0x7f, 0xff, 0xff, 0xff, 0xff, 0xff, 0xfe, 
	0x7f, 0xff, 0xff, 0xff, 0xff, 0xff, 0xfe, 0x7f, 0xff, 0xff, 0xff, 0xff, 0xff, 0xfe, 0x7f, 0xff, 
	0xff, 0xff, 0xff, 0xff, 0xfe, 0x7f, 0xff, 0xff, 0xff, 0xff, 0xff, 0xfe, 0x7f, 0xff, 0xff, 0xff, 
	0xff, 0xff, 0xfe, 0x7f, 0xff, 0xff, 0xff, 0xff, 0xff, 0xfe, 0x7f, 0xff, 0xff, 0xff, 0xff, 0xff, 
	0xfe, 0x7f, 0xff, 0xff, 0xff, 0xff, 0xff, 0xfe, 0x7f, 0xff, 0xff, 0xff, 0xff, 0xff, 0xfe, 0x7f, 
	0xff, 0xff, 0xff, 0xff, 0xff, 0xfe, 0x7f, 0xff, 0xff, 0xff, 0xff, 0xff, 0xfe, 0x7f, 0xff, 0xff, 
	0xff, 0xff, 0xff, 0xfe, 0x7f, 0xff, 0xff, 0xff, 0xff, 0xff, 0xfe, 0x7f, 0xff, 0xff, 0xff, 0xff, 
	0xff, 0xfe, 0x7f, 0xff, 0xff, 0xff, 0xff, 0xff, 0xfe, 0x7f, 0xff, 0xff, 0xff, 0xff, 0xff, 0xfe, 
	0x7f, 0xff, 0xff, 0xff, 0xff, 0xff, 0xfe, 0x7f, 0xff, 0xff, 0xff, 0xff, 0xff, 0xfe, 0x7f, 0xff, 
	0xff, 0xff, 0xff, 0xff, 0xfe, 0x7f, 0xff, 0xff, 0xff, 0xff, 0xff, 0xfe, 0x7f, 0xff, 0xff, 0xff, 
	0xff, 0xff, 0xfe, 0x7f, 0xff, 0xff, 0xff, 0xff, 0xff, 0xfe, 0x7f, 0xff, 0xff, 0xff, 0xff, 0xff, 
	0xfe, 0x7f, 0xff, 0xff, 0xff, 0xff, 0xff, 0xfe, 0x7f, 0xff, 0xff, 0xff, 0xff, 0xff, 0xfe, 0x7f, 
	0xff, 0xff, 0xff, 0xff, 0xff, 0xfe, 0x7f, 0xff, 0xff, 0xff, 0xff, 0xff, 0xfe, 0x7f, 0xff, 0xff, 
	0xff, 0xff, 0xff, 0xfe, 0x7f, 0xff, 0xff, 0xff, 0xff, 0xff, 0xfe, 0x7f, 0xff, 0xff, 0xff, 0xff, 
	0xff, 0xde, 0x7f, 0xff, 0xff, 0xff, 0xff, 0xff, 0x8e, 0x7f, 0xff, 0xcf, 0xff, 0xf3, 0xff, 0x06, 
	0x7f, 0xff, 0x87, 0xff, 0xe1, 0xff, 0x06, 0x7f, 0xff, 0x03, 0xff, 0xc0, 0xff, 0x06, 0x7f, 0xfe, 
	0x01, 0xff, 0x80, 0x7f, 0x26, 0x7f, 0xfc, 0x00, 0xff, 0x00, 0x3f, 0xfe, 0x7f, 0xfc, 0x00, 0xff, 
	0x00, 0x3f, 0x7e, 0x7f, 0xfc, 0x00, 0xff, 0x00, 0x3f, 0x7e, 0x7f, 0xfe, 0x31, 0xff, 0x8c, 0x7f, 
	0x7e, 0x7f, 0xff, 0xff, 0xff, 0xff, 0xff, 0x06, 0x7f, 0xff, 0xff, 0xff, 0xff, 0xff, 0x76, 0x7f, 
	0xff, 0xff, 0xff, 0xff, 0xff, 0x76, 0x7f, 0xff, 0xff, 0xff, 0xff, 0xff, 0x76, 0x7f, 0xff, 0xff, 
	0xff, 0xff, 0xff, 0xfe, 0x7f, 0xff, 0xff, 0xff, 0xff, 0xff, 0xfe, 0x3f, 0xff, 0xff, 0xff, 0xff, 
	0xff, 0xfc, 0x1f, 0xff, 0xff, 0xff, 0xff, 0xff, 0xf8, 0x00, 0x00, 0x00, 0x00, 0x00, 0x00, 0x00
};
// '04_spade', 56x80px
const unsigned char epd_bitmap_04_spade [] PROGMEM = {
	0x00, 0x00, 0x00, 0x00, 0x00, 0x00, 0x00, 0x1f, 0xff, 0xff, 0xff, 0xff, 0xff, 0xf8, 0x3f, 0xff, 
	0xff, 0xff, 0xff, 0xff, 0xfc, 0x7f, 0xff, 0xff, 0xff, 0xff, 0xff, 0xfe, 0x6e, 0xff, 0xff, 0xff, 
	0xff, 0xff, 0xfe, 0x6e, 0xff, 0xff, 0xff, 0xff, 0xff, 0xfe, 0x6e, 0xff, 0xff, 0xff, 0xff, 0xff, 
	0xfe, 0x60, 0xff, 0xff, 0xff, 0xff, 0xff, 0xfe, 0x7e, 0xff, 0xcf, 0xff, 0xf3, 0xff, 0xfe, 0x7e, 
	0xff, 0x87, 0xff, 0xe1, 0xff, 0xfe, 0x7e, 0xff, 0x03, 0xff, 0xc0, 0xff, 0xfe, 0x7f, 0xfe, 0x01, 
	0xff, 0x80, 0x7f, 0xfe, 0x7b, 0xfc, 0x00, 0xff, 0x00, 0x3f, 0xfe, 0x71, 0xfc, 0x00, 0xff, 0x00, 
	0x3f, 0xfe, 0x60, 0xfc, 0x00, 0xff, 0x00, 0x3f, 0xfe, 0x60, 0xfe, 0x49, 0xff, 0x92, 0x7f, 0xfe, 
	0x7b, 0xff, 0xcf, 0xff, 0xf3, 0xff, 0xfe, 0x71, 0xff, 0x03, 0xff, 0xc0, 0xff, 0xfe, 0x7f, 0xff, 
	0xff, 0xff, 0xff, 0xff, 0xfe, 0x7f, 0xff, 0xff, 0xff, 0xff, 0xff, 0xfe, 0x7f, 0xff, 0xff, 0xff, 
	0xff, 0xff, 0xfe, 0x7f, 0xff, 0xff, 0xff, 0xff, 0xff, 0xfe, 0x7f, 0xff, 0xff, 0xff, 0xff, 0xff, 
	0xfe, 0x7f, 0xff, 0xff, 0xff, 0xff, 0xff, 0xfe, 0x7f, 0xff, 0xff, 0xff, 0xff, 0xff, 0xfe, 0x7f, 
	0xff, 0xff, 0xff, 0xff, 0xff, 0xfe, 0x7f, 0xff, 0xff, 0xff, 0xff, 0xff, 0xfe, 0x7f, 0xff, 0xff, 
	0xff, 0xff, 0xff, 0xfe, 0x7f, 0xff, 0xff, 0xff, 0xff, 0xff, 0xfe, 0x7f, 0xff, 0xff, 0xff, 0xff, 
	0xff, 0xfe, 0x7f, 0xff, 0xff, 0xff, 0xff, 0xff, 0xfe, 0x7f, 0xff, 0xff, 0xff, 0xff, 0xff, 0xfe, 
	0x7f, 0xff, 0xff, 0xff, 0xff, 0xff, 0xfe, 0x7f, 0xff, 0xff, 0xff, 0xff, 0xff, 0xfe, 0x7f, 0xff, 
	0xff, 0xff, 0xff, 0xff, 0xfe, 0x7f, 0xff, 0xff, 0xff, 0xff, 0xff, 0xfe, 0x7f, 0xff, 0xff, 0xff, 
	0xff, 0xff, 0xfe, 0x7f, 0xff, 0xff, 0xff, 0xff, 0xff, 0xfe, 0x7f, 0xff, 0xff, 0xff, 0xff, 0xff, 
	0xfe, 0x7f, 0xff, 0xff, 0xff, 0xff, 0xff, 0xfe, 0x7f, 0xff, 0xff, 0xff, 0xff, 0xff, 0xfe, 0x7f, 
	0xff, 0xff, 0xff, 0xff, 0xff, 0xfe, 0x7f, 0xff, 0xff, 0xff, 0xff, 0xff, 0xfe, 0x7f, 0xff, 0xff, 
	0xff, 0xff, 0xff, 0xfe, 0x7f, 0xff, 0xff, 0xff, 0xff, 0xff, 0xfe, 0x7f, 0xff, 0xff, 0xff, 0xff, 
	0xff, 0xfe, 0x7f, 0xff, 0xff, 0xff, 0xff, 0xff, 0xfe, 0x7f, 0xff, 0xff, 0xff, 0xff, 0xff, 0xfe, 
	0x7f, 0xff, 0xff, 0xff, 0xff, 0xff, 0xfe, 0x7f, 0xff, 0xff, 0xff, 0xff, 0xff, 0xfe, 0x7f, 0xff, 
	0xff, 0xff, 0xff, 0xff, 0xfe, 0x7f, 0xff, 0xff, 0xff, 0xff, 0xff, 0xfe, 0x7f, 0xff, 0xff, 0xff, 
	0xff, 0xff, 0xfe, 0x7f, 0xff, 0xff, 0xff, 0xff, 0xff, 0xfe, 0x7f, 0xff, 0xff, 0xff, 0xff, 0xff, 
	0xfe, 0x7f, 0xff, 0xff, 0xff, 0xff, 0xff, 0xfe, 0x7f, 0xff, 0xff, 0xff, 0xff, 0xff, 0xfe, 0x7f, 
	0xff, 0xff, 0xff, 0xff, 0xff, 0xfe, 0x7f, 0xff, 0xff, 0xff, 0xff, 0xff, 0xfe, 0x7f, 0xff, 0xff, 
	0xff, 0xff, 0xff, 0xfe, 0x7f, 0xff, 0xff, 0xff, 0xff, 0xff, 0xfe, 0x7f, 0xff, 0xff, 0xff, 0xff, 
	0xff, 0x8e, 0x7f, 0xff, 0x03, 0xff, 0xc0, 0xff, 0xde, 0x7f, 0xff, 0xcf, 0xff, 0xf3, 0xff, 0x06, 
	0x7f, 0xfe, 0x49, 0xff, 0x92, 0x7f, 0x06, 0x7f, 0xfc, 0x00, 0xff, 0x00, 0x3f, 0x8e, 0x7f, 0xfc, 
	0x00, 0xff, 0x00, 0x3f, 0xde, 0x7f, 0xfc, 0x00, 0xff, 0x00, 0x3f, 0xfe, 0x7f, 0xfe, 0x01, 0xff, 
	0x80, 0x7f, 0x7e, 0x7f, 0xff, 0x03, 0xff, 0xc0, 0xff, 0x7e, 0x7f, 0xff, 0x87, 0xff, 0xe1, 0xff, 
	0x7e, 0x7f, 0xff, 0xcf, 0xff, 0xf3, 0xff, 0x06, 0x7f, 0xff, 0xff, 0xff, 0xff, 0xff, 0x76, 0x7f, 
	0xff, 0xff, 0xff, 0xff, 0xff, 0x76, 0x7f, 0xff, 0xff, 0xff, 0xff, 0xff, 0x76, 0x7f, 0xff, 0xff, 
	0xff, 0xff, 0xff, 0xfe, 0x7f, 0xff, 0xff, 0xff, 0xff, 0xff, 0xfe, 0x3f, 0xff, 0xff, 0xff, 0xff, 
	0xff, 0xfc, 0x1f, 0xff, 0xff, 0xff, 0xff, 0xff, 0xf8, 0x00, 0x00, 0x00, 0x00, 0x00, 0x00, 0x00
};
// '05_clubs', 56x80px
const unsigned char epd_bitmap_05_clubs [] PROGMEM = {
	0x00, 0x00, 0x00, 0x00, 0x00, 0x00, 0x00, 0x1f, 0xff, 0xff, 0xff, 0xff, 0xff, 0xf8, 0x3f, 0xff, 
	0xff, 0xff, 0xff, 0xff, 0xfc, 0x7f, 0xff, 0xff, 0xff, 0xff, 0xff, 0xfe, 0x60, 0xff, 0xff, 0xff, 
	0xff, 0xff, 0xfe, 0x6f, 0xff, 0xff, 0xff, 0xff, 0xff, 0xfe, 0x6f, 0xff, 0xff, 0xff, 0xff, 0xff, 
	0xfe, 0x61, 0xff, 0xff, 0xff, 0xff, 0xff, 0xfe, 0x7e, 0xff, 0xcf, 0xff, 0xf3, 0xff, 0xfe, 0x6e, 
	0xff, 0x87, 0xff, 0xe1, 0xff, 0xfe, 0x71, 0xff, 0x87, 0xff, 0xe1, 0xff, 0xfe, 0x7f, 0xff, 0x87, 
	0xff, 0xe1, 0xff, 0xfe, 0x7b, 0xfe, 0x49, 0xff, 0x92, 0x7f, 0xfe, 0x71, 0xfc, 0x00, 0xff, 0x00, 
	0x3f, 0xfe, 0x64, 0xfc, 0x00, 0xff, 0x00, 0x3f, 0xfe, 0x71, 0xfe, 0x49, 0xff, 0x92, 0x7f, 0xfe, 
	0x7b, 0xff, 0x87, 0xff, 0xe1, 0xff, 0xfe, 0x71, 0xff, 0x03, 0xff, 0xc0, 0xff, 0xfe, 0x7f, 0xff, 
	0xff, 0xff, 0xff, 0xff, 0xfe, 0x7f, 0xff, 0xff, 0xff, 0xff, 0xff, 0xfe, 0x7f, 0xff, 0xff, 0xff, 
	0xff, 0xff, 0xfe, 0x7f, 0xff, 0xff, 0xff, 0xff, 0xff, 0xfe, 0x7f, 0xff, 0xff, 0xff, 0xff, 0xff, 
	0xfe, 0x7f, 0xff, 0xff, 0xff, 0xff, 0xff, 0xfe, 0x7f, 0xff, 0xff, 0xff, 0xff, 0xff, 0xfe, 0x7f, 
	0xff, 0xff, 0xff, 0xff, 0xff, 0xfe, 0x7f, 0xff, 0xff, 0xff, 0xff, 0xff, 0xfe, 0x7f, 0xff, 0xff, 
	0xff, 0xff, 0xff, 0xfe, 0x7f, 0xff, 0xff, 0xff, 0xff, 0xff, 0xfe, 0x7f, 0xff, 0xff, 0xff, 0xff, 
	0xff, 0xfe, 0x7f, 0xff, 0xff, 0xff, 0xff, 0xff, 0xfe, 0x7f, 0xff, 0xff, 0xff, 0xff, 0xff, 0xfe, 
	0x7f, 0xff, 0xff, 0xff, 0xff, 0xff, 0xfe, 0x7f, 0xff, 0xff, 0xff, 0xff, 0xff, 0xfe, 0x7f, 0xff, 
	0xff, 0xff, 0xff, 0xff, 0xfe, 0x7f, 0xff, 0xff, 0xe7, 0xff, 0xff, 0xfe, 0x7f, 0xff, 0xff, 0xc3, 
	0xff, 0xff, 0xfe, 0x7f, 0xff, 0xff, 0xc3, 0xff, 0xff, 0xfe, 0x7f, 0xff, 0xff, 0xc3, 0xff, 0xff, 
	0xfe, 0x7f, 0xff, 0xff, 0x24, 0xff, 0xff, 0xfe, 0x7f, 0xff, 0xfe, 0x00, 0x7f, 0xff, 0xfe, 0x7f, 
	0xff, 0xfe, 0x00, 0x7f, 0xff, 0xfe, 0x7f, 0xff, 0xff, 0x24, 0xff, 0xff, 0xfe, 0x7f, 0xff, 0xff, 
	0xc3, 0xff, 0xff, 0xfe, 0x7f, 0xff, 0xff, 0x81, 0xff, 0xff, 0xfe, 0x7f, 0xff, 0xff, 0xff, 0xff, 
	0xff, 0xfe, 0x7f, 0xff, 0xff, 0xff, 0xff, 0xff, 0xfe, 0x7f, 0xff, 0xff, 0xff, 0xff, 0xff, 0xfe, 
	0x7f, 0xff, 0xff, 0xff, 0xff, 0xff, 0xfe, 0x7f, 0xff, 0xff, 0xff, 0xff, 0xff, 0xfe, 0x7f, 0xff, 
	0xff, 0xff, 0xff, 0xff, 0xfe, 0x7f, 0xff, 0xff, 0xff, 0xff, 0xff, 0xfe, 0x7f, 0xff, 0xff, 0xff, 
	0xff, 0xff, 0xfe, 0x7f, 0xff, 0xff, 0xff, 0xff, 0xff, 0xfe, 0x7f, 0xff, 0xff, 0xff, 0xff, 0xff, 
	0xfe, 0x7f, 0xff, 0xff, 0xff, 0xff, 0xff, 0xfe, 0x7f, 0xff, 0xff, 0xff, 0xff, 0xff, 0xfe, 0x7f, 
	0xff, 0xff, 0xff, 0xff, 0xff, 0xfe, 0x7f, 0xff, 0xff, 0xff, 0xff, 0xff, 0xfe, 0x7f, 0xff, 0xff, 
	0xff, 0xff, 0xff, 0xfe, 0x7f, 0xff, 0xff, 0xff, 0xff, 0xff, 0xfe, 0x7f, 0xff, 0xff, 0xff, 0xff, 
	0xff, 0x8e, 0x7f, 0xff, 0x03, 0xff, 0xc0, 0xff, 0xde, 0x7f, 0xff, 0x87, 0xff, 0xe1, 0xff, 0x8e, 
	0x7f, 0xfe, 0x49, 0xff, 0x92, 0x7f, 0x26, 0x7f, 0xfc, 0x00, 0xff, 0x00, 0x3f, 0x8e, 0x7f, 0xfc, 
	0x00, 0xff, 0x00, 0x3f, 0xde, 0x7f, 0xfe, 0x49, 0xff, 0x92, 0x7f, 0xfe, 0x7f, 0xff, 0x87, 0xff, 
	0xe1, 0xff, 0x8e, 0x7f, 0xff, 0x87, 0xff, 0xe1, 0xff, 0x76, 0x7f, 0xff, 0x87, 0xff, 0xe1, 0xff, 
	0x7e, 0x7f, 0xff, 0xcf, 0xff, 0xf3, 0xff, 0x86, 0x7f, 0xff, 0xff, 0xff, 0xff, 0xff, 0xf6, 0x7f, 
	0xff, 0xff, 0xff, 0xff, 0xff, 0xf6, 0x7f, 0xff, 0xff, 0xff, 0xff, 0xff, 0x06, 0x7f, 0xff, 0xff, 
	0xff, 0xff, 0xff, 0xfe, 0x7f, 0xff, 0xff, 0xff, 0xff, 0xff, 0xfe, 0x3f, 0xff, 0xff, 0xff, 0xff, 
	0xff, 0xfc, 0x1f, 0xff, 0xff, 0xff, 0xff, 0xff, 0xf8, 0x00, 0x00, 0x00, 0x00, 0x00, 0x00, 0x00
};
// '05_diamond', 56x80px
const unsigned char epd_bitmap_05_diamond [] PROGMEM = {
	0x00, 0x00, 0x00, 0x00, 0x00, 0x00, 0x00, 0x1f, 0xff, 0xff, 0xff, 0xff, 0xff, 0xf8, 0x3f, 0xff, 
	0xff, 0xff, 0xff, 0xff, 0xfc, 0x7f, 0xff, 0xff, 0xff, 0xff, 0xff, 0xfe, 0x60, 0xff, 0xff, 0xff, 
	0xff, 0xff, 0xfe, 0x6f, 0xff, 0xff, 0xff, 0xff, 0xff, 0xfe, 0x6f, 0xff, 0xff, 0xff, 0xff, 0xff, 
	0xfe, 0x61, 0xff, 0xff, 0xff, 0xff, 0xff, 0xfe, 0x7e, 0xff, 0xcf, 0xff, 0xf3, 0xff, 0xfe, 0x6e, 
	0xff, 0x87, 0xff, 0xe1, 0xff, 0xfe, 0x71, 0xff, 0x03, 0xff, 0xc0, 0xff, 0xfe, 0x7f, 0xfe, 0x01, 
	0xff, 0x80, 0x7f, 0xfe, 0x7b, 0xfc, 0x00, 0xff, 0x00, 0x3f, 0xfe, 0x71, 0xfc, 0x00, 0xff, 0x00, 
	0x3f, 0xfe, 0x60, 0xfe, 0x01, 0xff, 0x80, 0x7f, 0xfe, 0x60, 0xff, 0x03, 0xff, 0xc0, 0xff, 0xfe, 
	0x71, 0xff, 0x87, 0xff, 0xe1, 0xff, 0xfe, 0x7b, 0xff, 0xcf, 0xff, 0xf3, 0xff, 0xfe, 0x7f, 0xff, 
	0xff, 0xff, 0xff, 0xff, 0xfe, 0x7f, 0xff, 0xff, 0xff, 0xff, 0xff, 0xfe, 0x7f, 0xff, 0xff, 0xff, 
	0xff, 0xff, 0xfe, 0x7f, 0xff, 0xff, 0xff, 0xff, 0xff, 0xfe, 0x7f, 0xff, 0xff, 0xff, 0xff, 0xff, 
	0xfe, 0x7f, 0xff, 0xff, 0xff, 0xff, 0xff, 0xfe, 0x7f, 0xff, 0xff, 0xff, 0xff, 0xff, 0xfe, 0x7f, 
	0xff, 0xff, 0xff, 0xff, 0xff, 0xfe, 0x7f, 0xff, 0xff, 0xff, 0xff, 0xff, 0xfe, 0x7f, 0xff, 0xff, 
	0xff, 0xff, 0xff, 0xfe, 0x7f, 0xff, 0xff, 0xff, 0xff, 0xff, 0xfe, 0x7f, 0xff, 0xff, 0xff, 0xff, 
	0xff, 0xfe, 0x7f, 0xff, 0xff, 0xff, 0xff, 0xff, 0xfe, 0x7f, 0xff, 0xff, 0xff, 0xff, 0xff, 0xfe, 
	0x7f, 0xff, 0xff, 0xff, 0xff, 0xff, 0xfe, 0x7f, 0xff, 0xff, 0xff, 0xff, 0xff, 0xfe, 0x7f, 0xff, 
	0xff, 0xff, 0xff, 0xff, 0xfe, 0x7f, 0xff, 0xff, 0xe7, 0xff, 0xff, 0xfe, 0x7f, 0xff, 0xff, 0xc3, 
	0xff, 0xff, 0xfe, 0x7f, 0xff, 0xff, 0x81, 0xff, 0xff, 0xfe, 0x7f, 0xff, 0xff, 0x00, 0xff, 0xff, 
	0xfe, 0x7f, 0xff, 0xfe, 0x00, 0x7f, 0xff, 0xfe, 0x7f, 0xff, 0xfe, 0x00, 0x7f, 0xff, 0xfe, 0x7f, 
	0xff, 0xff, 0x00, 0xff, 0xff, 0xfe, 0x7f, 0xff, 0xff, 0x81, 0xff, 0xff, 0xfe, 0x7f, 0xff, 0xff, 
	0xc3, 0xff, 0xff, 0xfe, 0x7f, 0xff, 0xff, 0xe7, 0xff, 0xff, 0xfe, 0x7f, 0xff, 0xff, 0xff, 0xff, 
	0xff, 0xfe, 0x7f, 0xff, 0xff, 0xff, 0xff, 0xff, 0xfe, 0x7f, 0xff, 0xff, 0xff, 0xff, 0xff, 0xfe, 
	0x7f, 0xff, 0xff, 0xff, 0xff, 0xff, 0xfe, 0x7f, 0xff, 0xff, 0xff, 0xff, 0xff, 0xfe, 0x7f, 0xff, 
	0xff, 0xff, 0xff, 0xff, 0xfe, 0x7f, 0xff, 0xff, 0xff, 0xff, 0xff, 0xfe, 0x7f, 0xff, 0xff, 0xff, 
	0xff, 0xff, 0xfe, 0x7f, 0xff, 0xff, 0xff, 0xff, 0xff, 0xfe, 0x7f, 0xff, 0xff, 0xff, 0xff, 0xff, 
	0xfe, 0x7f, 0xff, 0xff, 0xff, 0xff, 0xff, 0xfe, 0x7f, 0xff, 0xff, 0xff, 0xff, 0xff, 0xfe, 0x7f, 
	0xff, 0xff, 0xff, 0xff, 0xff, 0xfe, 0x7f, 0xff, 0xff, 0xff, 0xff, 0xff, 0xfe, 0x7f, 0xff, 0xff, 
	0xff, 0xff, 0xff, 0xfe, 0x7f, 0xff, 0xff, 0xff, 0xff, 0xff, 0xfe, 0x7f, 0xff, 0xff, 0xff, 0xff, 
	0xff, 0xde, 0x7f, 0xff, 0xcf, 0xff, 0xf3, 0xff, 0x8e, 0x7f, 0xff, 0x87, 0xff, 0xe1, 0xff, 0x06, 
	0x7f, 0xff, 0x03, 0xff, 0xc0, 0xff, 0x06, 0x7f, 0xfe, 0x01, 0xff, 0x80, 0x7f, 0x8e, 0x7f, 0xfc, 
	0x00, 0xff, 0x00, 0x3f, 0xde, 0x7f, 0xfc, 0x00, 0xff, 0x00, 0x3f, 0xfe, 0x7f, 0xfe, 0x01, 0xff, 
	0x80, 0x7f, 0x8e, 0x7f, 0xff, 0x03, 0xff, 0xc0, 0xff, 0x76, 0x7f, 0xff, 0x87, 0xff, 0xe1, 0xff, 
	0x7e, 0x7f, 0xff, 0xcf, 0xff, 0xf3, 0xff, 0x86, 0x7f, 0xff, 0xff, 0xff, 0xff, 0xff, 0xf6, 0x7f, 
	0xff, 0xff, 0xff, 0xff, 0xff, 0xf6, 0x7f, 0xff, 0xff, 0xff, 0xff, 0xff, 0x06, 0x7f, 0xff, 0xff, 
	0xff, 0xff, 0xff, 0xfe, 0x7f, 0xff, 0xff, 0xff, 0xff, 0xff, 0xfe, 0x3f, 0xff, 0xff, 0xff, 0xff, 
	0xff, 0xfc, 0x1f, 0xff, 0xff, 0xff, 0xff, 0xff, 0xf8, 0x00, 0x00, 0x00, 0x00, 0x00, 0x00, 0x00
};
// '05_heart', 56x80px
const unsigned char epd_bitmap_05_heart [] PROGMEM = {
	0x00, 0x00, 0x00, 0x00, 0x00, 0x00, 0x00, 0x1f, 0xff, 0xff, 0xff, 0xff, 0xff, 0xf8, 0x3f, 0xff, 
	0xff, 0xff, 0xff, 0xff, 0xfc, 0x7f, 0xff, 0xff, 0xff, 0xff, 0xff, 0xfe, 0x60, 0xff, 0xff, 0xff, 
	0xff, 0xff, 0xfe, 0x6f, 0xff, 0xff, 0xff, 0xff, 0xff, 0xfe, 0x6f, 0xff, 0xff, 0xff, 0xff, 0xff, 
	0xfe, 0x61, 0xff, 0xff, 0xff, 0xff, 0xff, 0xfe, 0x7e, 0xff, 0xff, 0xff, 0xff, 0xff, 0xfe, 0x6e, 
	0xfe, 0x31, 0xff, 0x8c, 0x7f, 0xfe, 0x71, 0xfc, 0x00, 0xff, 0x00, 0x3f, 0xfe, 0x7f, 0xfc, 0x00, 
	0xff, 0x00, 0x3f, 0xfe, 0x64, 0xfc, 0x00, 0xff, 0x00, 0x3f, 0xfe, 0x60, 0xfe, 0x01, 0xff, 0x80, 
	0x7f, 0xfe, 0x60, 0xff, 0x03, 0xff, 0xc0, 0xff, 0xfe, 0x60, 0xff, 0x87, 0xff, 0xe1, 0xff, 0xfe, 
	0x71, 0xff, 0xcf, 0xff, 0xf3, 0xff, 0xfe, 0x7b, 0xff, 0xff, 0xff, 0xff, 0xff, 0xfe, 0x7f, 0xff, 
	0xff, 0xff, 0xff, 0xff, 0xfe, 0x7f, 0xff, 0xff, 0xff, 0xff, 0xff, 0xfe, 0x7f, 0xff, 0xff, 0xff, 
	0xff, 0xff, 0xfe, 0x7f, 0xff, 0xff, 0xff, 0xff, 0xff, 0xfe, 0x7f, 0xff, 0xff, 0xff, 0xff, 0xff, 
	0xfe, 0x7f, 0xff, 0xff, 0xff, 0xff, 0xff, 0xfe, 0x7f, 0xff, 0xff, 0xff, 0xff, 0xff, 0xfe, 0x7f, 
	0xff, 0xff, 0xff, 0xff, 0xff, 0xfe, 0x7f, 0xff, 0xff, 0xff, 0xff, 0xff, 0xfe, 0x7f, 0xff, 0xff, 
	0xff, 0xff, 0xff, 0xfe, 0x7f, 0xff, 0xff, 0xff, 0xff, 0xff, 0xfe, 0x7f, 0xff, 0xff, 0xff, 0xff, 
	0xff, 0xfe, 0x7f, 0xff, 0xff, 0xff, 0xff, 0xff, 0xfe, 0x7f, 0xff, 0xff, 0xff, 0xff, 0xff, 0xfe, 
	0x7f, 0xff, 0xff, 0xff, 0xff, 0xff, 0xfe, 0x7f, 0xff, 0xff, 0xff, 0xff, 0xff, 0xfe, 0x7f, 0xff, 
	0xff, 0xff, 0xff, 0xff, 0xfe, 0x7f, 0xff, 0xff, 0xff, 0xff, 0xff, 0xfe, 0x7f, 0xff, 0xff, 0x18, 
	0xff, 0xff, 0xfe, 0x7f, 0xff, 0xfe, 0x00, 0x7f, 0xff, 0xfe, 0x7f, 0xff, 0xfe, 0x00, 0x7f, 0xff, 
	0xfe, 0x7f, 0xff, 0xfe, 0x00, 0x7f, 0xff, 0xfe, 0x7f, 0xff, 0xff, 0x00, 0xff, 0xff, 0xfe, 0x7f, 
	0xff, 0xff, 0x81, 0xff, 0xff, 0xfe, 0x7f, 0xff, 0xff, 0xc3, 0xff, 0xff, 0xfe, 0x7f, 0xff, 0xff, 
	0xe7, 0xff, 0xff, 0xfe, 0x7f, 0xff, 0xff, 0xff, 0xff, 0xff, 0xfe, 0x7f, 0xff, 0xff, 0xff, 0xff, 
	0xff, 0xfe, 0x7f, 0xff, 0xff, 0xff, 0xff, 0xff, 0xfe, 0x7f, 0xff, 0xff, 0xff, 0xff, 0xff, 0xfe, 
	0x7f, 0xff, 0xff, 0xff, 0xff, 0xff, 0xfe, 0x7f, 0xff, 0xff, 0xff, 0xff, 0xff, 0xfe, 0x7f, 0xff, 
	0xff, 0xff, 0xff, 0xff, 0xfe, 0x7f, 0xff, 0xff, 0xff, 0xff, 0xff, 0xfe, 0x7f, 0xff, 0xff, 0xff, 
	0xff, 0xff, 0xfe, 0x7f, 0xff, 0xff, 0xff, 0xff, 0xff, 0xfe, 0x7f, 0xff, 0xff, 0xff, 0xff, 0xff, 
	0xfe, 0x7f, 0xff, 0xff, 0xff, 0xff, 0xff, 0xfe, 0x7f, 0xff, 0xff, 0xff, 0xff, 0xff, 0xfe, 0x7f, 
	0xff, 0xff, 0xff, 0xff, 0xff, 0xfe, 0x7f, 0xff, 0xff, 0xff, 0xff, 0xff, 0xfe, 0x7f, 0xff, 0xff, 
	0xff, 0xff, 0xff, 0xfe, 0x7f, 0xff, 0xff, 0xff, 0xff, 0xff, 0xfe, 0x7f, 0xff, 0xff, 0xff, 0xff, 
	0xff, 0xde, 0x7f, 0xff, 0xff, 0xff, 0xff, 0xff, 0x8e, 0x7f, 0xff, 0xcf, 0xff, 0xf3, 0xff, 0x06, 
	0x7f, 0xff, 0x87, 0xff, 0xe1, 0xff, 0x06, 0x7f, 0xff, 0x03, 0xff, 0xc0, 0xff, 0x06, 0x7f, 0xfe, 
	0x01, 0xff, 0x80, 0x7f, 0x26, 0x7f, 0xfc, 0x00, 0xff, 0x00, 0x3f, 0xfe, 0x7f, 0xfc, 0x00, 0xff, 
	0x00, 0x3f, 0x8e, 0x7f, 0xfc, 0x00, 0xff, 0x00, 0x3f, 0x76, 0x7f, 0xfe, 0x31, 0xff, 0x8c, 0x7f, 
	0x7e, 0x7f, 0xff, 0xff, 0xff, 0xff, 0xff, 0x86, 0x7f, 0xff, 0xff, 0xff, 0xff, 0xff, 0xf6, 0x7f, 
	0xff, 0xff, 0xff, 0xff, 0xff, 0xf6, 0x7f, 0xff, 0xff, 0xff, 0xff, 0xff, 0x06, 0x7f, 0xff, 0xff, 
	0xff, 0xff, 0xff, 0xfe, 0x7f, 0xff, 0xff, 0xff, 0xff, 0xff, 0xfe, 0x3f, 0xff, 0xff, 0xff, 0xff, 
	0xff, 0xfc, 0x1f, 0xff, 0xff, 0xff, 0xff, 0xff, 0xf8, 0x00, 0x00, 0x00, 0x00, 0x00, 0x00, 0x00
};
// '05_spade', 56x80px
const unsigned char epd_bitmap_05_spade [] PROGMEM = {
	0x00, 0x00, 0x00, 0x00, 0x00, 0x00, 0x00, 0x1f, 0xff, 0xff, 0xff, 0xff, 0xff, 0xf8, 0x3f, 0xff, 
	0xff, 0xff, 0xff, 0xff, 0xfc, 0x7f, 0xff, 0xff, 0xff, 0xff, 0xff, 0xfe, 0x60, 0xff, 0xff, 0xff, 
	0xff, 0xff, 0xfe, 0x6f, 0xff, 0xff, 0xff, 0xff, 0xff, 0xfe, 0x6f, 0xff, 0xff, 0xff, 0xff, 0xff, 
	0xfe, 0x61, 0xff, 0xff, 0xff, 0xff, 0xff, 0xfe, 0x7e, 0xff, 0xcf, 0xff, 0xf3, 0xff, 0xfe, 0x6e, 
	0xff, 0x87, 0xff, 0xe1, 0xff, 0xfe, 0x71, 0xff, 0x03, 0xff, 0xc0, 0xff, 0xfe, 0x7f, 0xfe, 0x01, 
	0xff, 0x80, 0x7f, 0xfe, 0x7b, 0xfc, 0x00, 0xff, 0x00, 0x3f, 0xfe, 0x71, 0xfc, 0x00, 0xff, 0x00, 
	0x3f, 0xfe, 0x60, 0xfc, 0x00, 0xff, 0x00, 0x3f, 0xfe, 0x60, 0xfe, 0x49, 0xff, 0x92, 0x7f, 0xfe, 
	0x7b, 0xff, 0xcf, 0xff, 0xf3, 0xff, 0xfe, 0x71, 0xff, 0x03, 0xff, 0xc0, 0xff, 0xfe, 0x7f, 0xff, 
	0xff, 0xff, 0xff, 0xff, 0xfe, 0x7f, 0xff, 0xff, 0xff, 0xff, 0xff, 0xfe, 0x7f, 0xff, 0xff, 0xff, 
	0xff, 0xff, 0xfe, 0x7f, 0xff, 0xff, 0xff, 0xff, 0xff, 0xfe, 0x7f, 0xff, 0xff, 0xff, 0xff, 0xff, 
	0xfe, 0x7f, 0xff, 0xff, 0xff, 0xff, 0xff, 0xfe, 0x7f, 0xff, 0xff, 0xff, 0xff, 0xff, 0xfe, 0x7f, 
	0xff, 0xff, 0xff, 0xff, 0xff, 0xfe, 0x7f, 0xff, 0xff, 0xff, 0xff, 0xff, 0xfe, 0x7f, 0xff, 0xff, 
	0xff, 0xff, 0xff, 0xfe, 0x7f, 0xff, 0xff, 0xff, 0xff, 0xff, 0xfe, 0x7f, 0xff, 0xff, 0xff, 0xff, 
	0xff, 0xfe, 0x7f, 0xff, 0xff, 0xff, 0xff, 0xff, 0xfe, 0x7f, 0xff, 0xff, 0xff, 0xff, 0xff, 0xfe, 
	0x7f, 0xff, 0xff, 0xff, 0xff, 0xff, 0xfe, 0x7f, 0xff, 0xff, 0xff, 0xff, 0xff, 0xfe, 0x7f, 0xff, 
	0xff, 0xff, 0xff, 0xff, 0xfe, 0x7f, 0xff, 0xff, 0xe7, 0xff, 0xff, 0xfe, 0x7f, 0xff, 0xff, 0xc3, 
	0xff, 0xff, 0xfe, 0x7f, 0xff, 0xff, 0x81, 0xff, 0xff, 0xfe, 0x7f, 0xff, 0xff, 0x00, 0xff, 0xff, 
	0xfe, 0x7f, 0xff, 0xfe, 0x00, 0x7f, 0xff, 0xfe, 0x7f, 0xff, 0xfe, 0x00, 0x7f, 0xff, 0xfe, 0x7f, 
	0xff, 0xfe, 0x00, 0x7f, 0xff, 0xfe, 0x7f, 0xff, 0xff, 0x24, 0xff, 0xff, 0xfe, 0x7f, 0xff, 0xff, 
	0xe7, 0xff, 0xff, 0xfe, 0x7f, 0xff, 0xff, 0x81, 0xff, 0xff, 0xfe, 0x7f, 0xff, 0xff, 0xff, 0xff, 
	0xff, 0xfe, 0x7f, 0xff, 0xff, 0xff, 0xff, 0xff, 0xfe, 0x7f, 0xff, 0xff, 0xff, 0xff, 0xff, 0xfe, 
	0x7f, 0xff, 0xff, 0xff, 0xff, 0xff, 0xfe, 0x7f, 0xff, 0xff, 0xff, 0xff, 0xff, 0xfe, 0x7f, 0xff, 
	0xff, 0xff, 0xff, 0xff, 0xfe, 0x7f, 0xff, 0xff, 0xff, 0xff, 0xff, 0xfe, 0x7f, 0xff, 0xff, 0xff, 
	0xff, 0xff, 0xfe, 0x7f, 0xff, 0xff, 0xff, 0xff, 0xff, 0xfe, 0x7f, 0xff, 0xff, 0xff, 0xff, 0xff, 
	0xfe, 0x7f, 0xff, 0xff, 0xff, 0xff, 0xff, 0xfe, 0x7f, 0xff, 0xff, 0xff, 0xff, 0xff, 0xfe, 0x7f, 
	0xff, 0xff, 0xff, 0xff, 0xff, 0xfe, 0x7f, 0xff, 0xff, 0xff, 0xff, 0xff, 0xfe, 0x7f, 0xff, 0xff, 
	0xff, 0xff, 0xff, 0xfe, 0x7f, 0xff, 0xff, 0xff, 0xff, 0xff, 0xfe, 0x7f, 0xff, 0xff, 0xff, 0xff, 
	0xff, 0x8e, 0x7f, 0xff, 0x03, 0xff, 0xc0, 0xff, 0xde, 0x7f, 0xff, 0xcf, 0xff, 0xf3, 0xff, 0x06, 
	0x7f, 0xfe, 0x49, 0xff, 0x92, 0x7f, 0x06, 0x7f, 0xfc, 0x00, 0xff, 0x00, 0x3f, 0x8e, 0x7f, 0xfc, 
	0x00, 0xff, 0x00, 0x3f, 0xde, 0x7f, 0xfc, 0x00, 0xff, 0x00, 0x3f, 0xfe, 0x7f, 0xfe, 0x01, 0xff, 
	0x80, 0x7f, 0x8e, 0x7f, 0xff, 0x03, 0xff, 0xc0, 0xff, 0x76, 0x7f, 0xff, 0x87, 0xff, 0xe1, 0xff, 
	0x7e, 0x7f, 0xff, 0xcf, 0xff, 0xf3, 0xff, 0x86, 0x7f, 0xff, 0xff, 0xff, 0xff, 0xff, 0xf6, 0x7f, 
	0xff, 0xff, 0xff, 0xff, 0xff, 0xf6, 0x7f, 0xff, 0xff, 0xff, 0xff, 0xff, 0x06, 0x7f, 0xff, 0xff, 
	0xff, 0xff, 0xff, 0xfe, 0x7f, 0xff, 0xff, 0xff, 0xff, 0xff, 0xfe, 0x3f, 0xff, 0xff, 0xff, 0xff, 
	0xff, 0xfc, 0x1f, 0xff, 0xff, 0xff, 0xff, 0xff, 0xf8, 0x00, 0x00, 0x00, 0x00, 0x00, 0x00, 0x00
};
// '06_clubs', 56x80px
const unsigned char epd_bitmap_06_clubs [] PROGMEM = {
	0x00, 0x00, 0x00, 0x00, 0x00, 0x00, 0x00, 0x1f, 0xff, 0xff, 0xff, 0xff, 0xff, 0xf8, 0x3f, 0xff, 
	0xff, 0xff, 0xff, 0xff, 0xfc, 0x7f, 0xff, 0xff, 0xff, 0xff, 0xff, 0xfe, 0x71, 0xff, 0xff, 0xff, 
	0xff, 0xff, 0xfe, 0x6e, 0xff, 0xff, 0xff, 0xff, 0xff, 0xfe, 0x6f, 0xff, 0xff, 0xff, 0xff, 0xff, 
	0xfe, 0x61, 0xff, 0xff, 0xff, 0xff, 0xff, 0xfe, 0x6e, 0xff, 0xcf, 0xff, 0xf3, 0xff, 0xfe, 0x6e, 
	0xff, 0x87, 0xff, 0xe1, 0xff, 0xfe, 0x71, 0xff, 0x87, 0xff, 0xe1, 0xff, 0xfe, 0x7f, 0xff, 0x87, 
	0xff, 0xe1, 0xff, 0xfe, 0x7b, 0xfe, 0x49, 0xff, 0x92, 0x7f, 0xfe, 0x71, 0xfc, 0x00, 0xff, 0x00, 
	0x3f, 0xfe, 0x64, 0xfc, 0x00, 0xff, 0x00, 0x3f, 0xfe, 0x71, 0xfe, 0x49, 0xff, 0x92, 0x7f, 0xfe, 
	0x7b, 0xff, 0x87, 0xff, 0xe1, 0xff, 0xfe, 0x71, 0xff, 0x03, 0xff, 0xc0, 0xff, 0xfe, 0x7f, 0xff, 
	0xff, 0xff, 0xff, 0xff, 0xfe, 0x7f, 0xff, 0xff, 0xff, 0xff, 0xff, 0xfe, 0x7f, 0xff, 0xff, 0xff, 
	0xff, 0xff, 0xfe, 0x7f, 0xff, 0xff, 0xff, 0xff, 0xff, 0xfe, 0x7f, 0xff, 0xff, 0xff, 0xff, 0xff, 
	0xfe, 0x7f, 0xff, 0xff, 0xff, 0xff, 0xff, 0xfe, 0x7f, 0xff, 0xff, 0xff, 0xff, 0xff, 0xfe, 0x7f, 
	0xff, 0xff, 0xff, 0xff, 0xff, 0xfe, 0x7f, 0xff, 0xff, 0xff, 0xff, 0xff, 0xfe, 0x7f, 0xff, 0xff, 
	0xff, 0xff, 0xff, 0xfe, 0x7f, 0xff, 0xff, 0xff, 0xff, 0xff, 0xfe, 0x7f, 0xff, 0xff, 0xff, 0xff, 
	0xff, 0xfe, 0x7f, 0xff, 0xff, 0xff, 0xff, 0xff, 0xfe, 0x7f, 0xff, 0xff, 0xff, 0xff, 0xff, 0xfe, 
	0x7f, 0xff, 0xff, 0xff, 0xff, 0xff, 0xfe, 0x7f, 0xff, 0xff, 0xff, 0xff, 0xff, 0xfe, 0x7f, 0xff, 
	0xff, 0xff, 0xff, 0xff, 0xfe, 0x7f, 0xff, 0xcf, 0xff, 0xf3, 0xff, 0xfe, 0x7f, 0xff, 0x87, 0xff, 
	0xe1, 0xff, 0xfe, 0x7f, 0xff, 0x87, 0xff, 0xe1, 0xff, 0xfe, 0x7f, 0xff, 0x87, 0xff, 0xe1, 0xff, 
	0xfe, 0x7f, 0xfe, 0x49, 0xff, 0x92, 0x7f, 0xfe, 0x7f, 0xfc, 0x00, 0xff, 0x00, 0x3f, 0xfe, 0x7f, 
	0xfc, 0x00, 0xff, 0x00, 0x3f, 0xfe, 0x7f, 0xfe, 0x49, 0xff, 0x92, 0x7f, 0xfe, 0x7f, 0xff, 0x87, 
	0xff, 0xe1, 0xff, 0xfe, 0x7f, 0xff, 0x03, 0xff, 0xc0, 0xff, 0xfe, 0x7f, 0xff, 0xff, 0xff, 0xff, 
	0xff, 0xfe, 0x7f, 0xff, 0xff, 0xff, 0xff, 0xff, 0xfe, 0x7f, 0xff, 0xff, 0xff, 0xff, 0xff, 0xfe, 
	0x7f, 0xff, 0xff, 0xff, 0xff, 0xff, 0xfe, 0x7f, 0xff, 0xff, 0xff, 0xff, 0xff, 0xfe, 0x7f, 0xff, 
	0xff, 0xff, 0xff, 0xff, 0xfe, 0x7f, 0xff, 0xff, 0xff, 0xff, 0xff, 0xfe, 0x7f, 0xff, 0xff, 0xff, 
	0xff, 0xff, 0xfe, 0x7f, 0xff, 0xff, 0xff, 0xff, 0xff, 0xfe, 0x7f, 0xff, 0xff, 0xff, 0xff, 0xff, 
	0xfe, 0x7f, 0xff, 0xff, 0xff, 0xff, 0xff, 0xfe, 0x7f, 0xff, 0xff, 0xff, 0xff, 0xff, 0xfe, 0x7f, 
	0xff, 0xff, 0xff, 0xff, 0xff, 0xfe, 0x7f, 0xff, 0xff, 0xff, 0xff, 0xff, 0xfe, 0x7f, 0xff, 0xff, 
	0xff, 0xff, 0xff, 0xfe, 0x7f, 0xff, 0xff, 0xff, 0xff, 0xff, 0xfe, 0x7f, 0xff, 0xff, 0xff, 0xff, 
	0xff, 0x8e, 0x7f, 0xff, 0x03, 0xff, 0xc0, 0xff, 0xde, 0x7f, 0xff, 0x87, 0xff, 0xe1, 0xff, 0x8e, 
	0x7f, 0xfe, 0x49, 0xff, 0x92, 0x7f, 0x26, 0x7f, 0xfc, 0x00, 0xff, 0x00, 0x3f, 0x8e, 0x7f, 0xfc, 
	0x00, 0xff, 0x00, 0x3f, 0xde, 0x7f, 0xfe, 0x49, 0xff, 0x92, 0x7f, 0xfe, 0x7f, 0xff, 0x87, 0xff, 
	0xe1, 0xff, 0x8e, 0x7f, 0xff, 0x87, 0xff, 0xe1, 0xff, 0x76, 0x7f, 0xff, 0x87, 0xff, 0xe1, 0xff, 
	0x76, 0x7f, 0xff, 0xcf, 0xff, 0xf3, 0xff, 0x86, 0x7f, 0xff, 0xff, 0xff, 0xff, 0xff, 0xf6, 0x7f, 
	0xff, 0xff, 0xff, 0xff, 0xff, 0x76, 0x7f, 0xff, 0xff, 0xff, 0xff, 0xff, 0x8e, 0x7f, 0xff, 0xff, 
	0xff, 0xff, 0xff, 0xfe, 0x7f, 0xff, 0xff, 0xff, 0xff, 0xff, 0xfe, 0x3f, 0xff, 0xff, 0xff, 0xff, 
	0xff, 0xfc, 0x1f, 0xff, 0xff, 0xff, 0xff, 0xff, 0xf8, 0x00, 0x00, 0x00, 0x00, 0x00, 0x00, 0x00
};
// '06_diamond', 56x80px
const unsigned char epd_bitmap_06_diamond [] PROGMEM = {
	0x00, 0x00, 0x00, 0x00, 0x00, 0x00, 0x00, 0x1f, 0xff, 0xff, 0xff, 0xff, 0xff, 0xf8, 0x3f, 0xff, 
	0xff, 0xff, 0xff, 0xff, 0xfc, 0x7f, 0xff, 0xff, 0xff, 0xff, 0xff, 0xfe, 0x71, 0xff, 0xff, 0xff, 
	0xff, 0xff, 0xfe, 0x6e, 0xff, 0xff, 0xff, 0xff, 0xff, 0xfe, 0x6f, 0xff, 0xff, 0xff, 0xff, 0xff, 
	0xfe, 0x61, 0xff, 0xff, 0xff, 0xff, 0xff, 0xfe, 0x6e, 0xff, 0xcf, 0xff, 0xf3, 0xff, 0xfe, 0x6e, 
	0xff, 0x87, 0xff, 0xe1, 0xff, 0xfe, 0x71, 0xff, 0x03, 0xff, 0xc0, 0xff, 0xfe, 0x7f, 0xfe, 0x01, 
	0xff, 0x80, 0x7f, 0xfe, 0x7b, 0xfc, 0x00, 0xff, 0x00, 0x3f, 0xfe, 0x71, 0xfc, 0x00, 0xff, 0x00, 
	0x3f, 0xfe, 0x60, 0xfe, 0x01, 0xff, 0x80, 0x7f, 0xfe, 0x60, 0xff, 0x03, 0xff, 0xc0, 0xff, 0xfe, 
	0x71, 0xff, 0x87, 0xff, 0xe1, 0xff, 0xfe, 0x7b, 0xff, 0xcf, 0xff, 0xf3, 0xff, 0xfe, 0x7f, 0xff, 
	0xff, 0xff, 0xff, 0xff, 0xfe, 0x7f, 0xff, 0xff, 0xff, 0xff, 0xff, 0xfe, 0x7f, 0xff, 0xff, 0xff, 
	0xff, 0xff, 0xfe, 0x7f, 0xff, 0xff, 0xff, 0xff, 0xff, 0xfe, 0x7f, 0xff, 0xff, 0xff, 0xff, 0xff, 
	0xfe, 0x7f, 0xff, 0xff, 0xff, 0xff, 0xff, 0xfe, 0x7f, 0xff, 0xff, 0xff, 0xff, 0xff, 0xfe, 0x7f, 
	0xff, 0xff, 0xff, 0xff, 0xff, 0xfe, 0x7f, 0xff, 0xff, 0xff, 0xff, 0xff, 0xfe, 0x7f, 0xff, 0xff, 
	0xff, 0xff, 0xff, 0xfe, 0x7f, 0xff, 0xff, 0xff, 0xff, 0xff, 0xfe, 0x7f, 0xff, 0xff, 0xff, 0xff, 
	0xff, 0xfe, 0x7f, 0xff, 0xff, 0xff, 0xff, 0xff, 0xfe, 0x7f, 0xff, 0xff, 0xff, 0xff, 0xff, 0xfe, 
	0x7f, 0xff, 0xff, 0xff, 0xff, 0xff, 0xfe, 0x7f, 0xff, 0xff, 0xff, 0xff, 0xff, 0xfe, 0x7f, 0xff, 
	0xff, 0xff, 0xff, 0xff, 0xfe, 0x7f, 0xff, 0xcf, 0xff, 0xf3, 0xff, 0xfe, 0x7f, 0xff, 0x87, 0xff, 
	0xe1, 0xff, 0xfe, 0x7f, 0xff, 0x03, 0xff, 0xc0, 0xff, 0xfe, 0x7f, 0xfe, 0x01, 0xff, 0x80, 0x7f, 
	0xfe, 0x7f, 0xfc, 0x00, 0xff, 0x00, 0x3f, 0xfe, 0x7f, 0xfc, 0x00, 0xff, 0x00, 0x3f, 0xfe, 0x7f, 
	0xfe, 0x01, 0xff, 0x80, 0x7f, 0xfe, 0x7f, 0xff, 0x03, 0xff, 0xc0, 0xff, 0xfe, 0x7f, 0xff, 0x87, 
	0xff, 0xe1, 0xff, 0xfe, 0x7f, 0xff, 0xcf, 0xff, 0xf3, 0xff, 0xfe, 0x7f, 0xff, 0xff, 0xff, 0xff, 
	0xff, 0xfe, 0x7f, 0xff, 0xff, 0xff, 0xff, 0xff, 0xfe, 0x7f, 0xff, 0xff, 0xff, 0xff, 0xff, 0xfe, 
	0x7f, 0xff, 0xff, 0xff, 0xff, 0xff, 0xfe, 0x7f, 0xff, 0xff, 0xff, 0xff, 0xff, 0xfe, 0x7f, 0xff, 
	0xff, 0xff, 0xff, 0xff, 0xfe, 0x7f, 0xff, 0xff, 0xff, 0xff, 0xff, 0xfe, 0x7f, 0xff, 0xff, 0xff, 
	0xff, 0xff, 0xfe, 0x7f, 0xff, 0xff, 0xff, 0xff, 0xff, 0xfe, 0x7f, 0xff, 0xff, 0xff, 0xff, 0xff, 
	0xfe, 0x7f, 0xff, 0xff, 0xff, 0xff, 0xff, 0xfe, 0x7f, 0xff, 0xff, 0xff, 0xff, 0xff, 0xfe, 0x7f, 
	0xff, 0xff, 0xff, 0xff, 0xff, 0xfe, 0x7f, 0xff, 0xff, 0xff, 0xff, 0xff, 0xfe, 0x7f, 0xff, 0xff, 
	0xff, 0xff, 0xff, 0xfe, 0x7f, 0xff, 0xff, 0xff, 0xff, 0xff, 0xfe, 0x7f, 0xff, 0xff, 0xff, 0xff, 
	0xff, 0xde, 0x7f, 0xff, 0xcf, 0xff, 0xf3, 0xff, 0x8e, 0x7f, 0xff, 0x87, 0xff, 0xe1, 0xff, 0x06, 
	0x7f, 0xff, 0x03, 0xff, 0xc0, 0xff, 0x06, 0x7f, 0xfe, 0x01, 0xff, 0x80, 0x7f, 0x8e, 0x7f, 0xfc, 
	0x00, 0xff, 0x00, 0x3f, 0xde, 0x7f, 0xfc, 0x00, 0xff, 0x00, 0x3f, 0xfe, 0x7f, 0xfe, 0x01, 0xff, 
	0x80, 0x7f, 0x8e, 0x7f, 0xff, 0x03, 0xff, 0xc0, 0xff, 0x76, 0x7f, 0xff, 0x87, 0xff, 0xe1, 0xff, 
	0x76, 0x7f, 0xff, 0xcf, 0xff, 0xf3, 0xff, 0x86, 0x7f, 0xff, 0xff, 0xff, 0xff, 0xff, 0xf6, 0x7f, 
	0xff, 0xff, 0xff, 0xff, 0xff, 0x76, 0x7f, 0xff, 0xff, 0xff, 0xff, 0xff, 0x8e, 0x7f, 0xff, 0xff, 
	0xff, 0xff, 0xff, 0xfe, 0x7f, 0xff, 0xff, 0xff, 0xff, 0xff, 0xfe, 0x3f, 0xff, 0xff, 0xff, 0xff, 
	0xff, 0xfc, 0x1f, 0xff, 0xff, 0xff, 0xff, 0xff, 0xf8, 0x00, 0x00, 0x00, 0x00, 0x00, 0x00, 0x00
};
// '06_heart', 56x80px
const unsigned char epd_bitmap_06_heart [] PROGMEM = {
	0x00, 0x00, 0x00, 0x00, 0x00, 0x00, 0x00, 0x1f, 0xff, 0xff, 0xff, 0xff, 0xff, 0xf8, 0x3f, 0xff, 
	0xff, 0xff, 0xff, 0xff, 0xfc, 0x7f, 0xff, 0xff, 0xff, 0xff, 0xff, 0xfe, 0x71, 0xff, 0xff, 0xff, 
	0xff, 0xff, 0xfe, 0x6e, 0xff, 0xff, 0xff, 0xff, 0xff, 0xfe, 0x6f, 0xff, 0xff, 0xff, 0xff, 0xff, 
	0xfe, 0x61, 0xff, 0xff, 0xff, 0xff, 0xff, 0xfe, 0x6e, 0xff, 0xff, 0xff, 0xff, 0xff, 0xfe, 0x6e, 
	0xfe, 0x31, 0xff, 0x8c, 0x7f, 0xfe, 0x71, 0xfc, 0x00, 0xff, 0x00, 0x3f, 0xfe, 0x7f, 0xfc, 0x00, 
	0xff, 0x00, 0x3f, 0xfe, 0x64, 0xfc, 0x00, 0xff, 0x00, 0x3f, 0xfe, 0x60, 0xfe, 0x01, 0xff, 0x80, 
	0x7f, 0xfe, 0x60, 0xff, 0x03, 0xff, 0xc0, 0xff, 0xfe, 0x60, 0xff, 0x87, 0xff, 0xe1, 0xff, 0xfe, 
	0x71, 0xff, 0xcf, 0xff, 0xf3, 0xff, 0xfe, 0x7b, 0xff, 0xff, 0xff, 0xff, 0xff, 0xfe, 0x7f, 0xff, 
	0xff, 0xff, 0xff, 0xff, 0xfe, 0x7f, 0xff, 0xff, 0xff, 0xff, 0xff, 0xfe, 0x7f, 0xff, 0xff, 0xff, 
	0xff, 0xff, 0xfe, 0x7f, 0xff, 0xff, 0xff, 0xff, 0xff, 0xfe, 0x7f, 0xff, 0xff, 0xff, 0xff, 0xff, 
	0xfe, 0x7f, 0xff, 0xff, 0xff, 0xff, 0xff, 0xfe, 0x7f, 0xff, 0xff, 0xff, 0xff, 0xff, 0xfe, 0x7f, 
	0xff, 0xff, 0xff, 0xff, 0xff, 0xfe, 0x7f, 0xff, 0xff, 0xff, 0xff, 0xff, 0xfe, 0x7f, 0xff, 0xff, 
	0xff, 0xff, 0xff, 0xfe, 0x7f, 0xff, 0xff, 0xff, 0xff, 0xff, 0xfe, 0x7f, 0xff, 0xff, 0xff, 0xff, 
	0xff, 0xfe, 0x7f, 0xff, 0xff, 0xff, 0xff, 0xff, 0xfe, 0x7f, 0xff, 0xff, 0xff, 0xff, 0xff, 0xfe, 
	0x7f, 0xff, 0xff, 0xff, 0xff, 0xff, 0xfe, 0x7f, 0xff, 0xff, 0xff, 0xff, 0xff, 0xfe, 0x7f, 0xff, 
	0xff, 0xff, 0xff, 0xff, 0xfe, 0x7f, 0xff, 0xff, 0xff, 0xff, 0xff, 0xfe, 0x7f, 0xfe, 0x31, 0xff, 
	0x8c, 0x7f, 0xfe, 0x7f, 0xfc, 0x00, 0xff, 0x00, 0x3f, 0xfe, 0x7f, 0xfc, 0x00, 0xff, 0x00, 0x3f, 
	0xfe, 0x7f, 0xfc, 0x00, 0xff, 0x00, 0x3f, 0xfe, 0x7f, 0xfe, 0x01, 0xff, 0x80, 0x7f, 0xfe, 0x7f, 
	0xff, 0x03, 0xff, 0xc0, 0xff, 0xfe, 0x7f, 0xff, 0x87, 0xff, 0xe1, 0xff, 0xfe, 0x7f, 0xff, 0xcf, 
	0xff, 0xf3, 0xff, 0xfe, 0x7f, 0xff, 0xff, 0xff, 0xff, 0xff, 0xfe, 0x7f, 0xff, 0xff, 0xff, 0xff, 
	0xff, 0xfe, 0x7f, 0xff, 0xff, 0xff, 0xff, 0xff, 0xfe, 0x7f, 0xff, 0xff, 0xff, 0xff, 0xff, 0xfe, 
	0x7f, 0xff, 0xff, 0xff, 0xff, 0xff, 0xfe, 0x7f, 0xff, 0xff, 0xff, 0xff, 0xff, 0xfe, 0x7f, 0xff, 
	0xff, 0xff, 0xff, 0xff, 0xfe, 0x7f, 0xff, 0xff, 0xff, 0xff, 0xff, 0xfe, 0x7f, 0xff, 0xff, 0xff, 
	0xff, 0xff, 0xfe, 0x7f, 0xff, 0xff, 0xff, 0xff, 0xff, 0xfe, 0x7f, 0xff, 0xff, 0xff, 0xff, 0xff, 
	0xfe, 0x7f, 0xff, 0xff, 0xff, 0xff, 0xff, 0xfe, 0x7f, 0xff, 0xff, 0xff, 0xff, 0xff, 0xfe, 0x7f, 
	0xff, 0xff, 0xff, 0xff, 0xff, 0xfe, 0x7f, 0xff, 0xff, 0xff, 0xff, 0xff, 0xfe, 0x7f, 0xff, 0xff, 
	0xff, 0xff, 0xff, 0xfe, 0x7f, 0xff, 0xff, 0xff, 0xff, 0xff, 0xfe, 0x7f, 0xff, 0xff, 0xff, 0xff, 
	0xff, 0xde, 0x7f, 0xff, 0xff, 0xff, 0xff, 0xff, 0x8e, 0x7f, 0xff, 0xcf, 0xff, 0xf3, 0xff, 0x06, 
	0x7f, 0xff, 0x87, 0xff, 0xe1, 0xff, 0x06, 0x7f, 0xff, 0x03, 0xff, 0xc0, 0xff, 0x06, 0x7f, 0xfe, 
	0x01, 0xff, 0x80, 0x7f, 0x26, 0x7f, 0xfc, 0x00, 0xff, 0x00, 0x3f, 0xfe, 0x7f, 0xfc, 0x00, 0xff, 
	0x00, 0x3f, 0x8e, 0x7f, 0xfc, 0x00, 0xff, 0x00, 0x3f, 0x76, 0x7f, 0xfe, 0x31, 0xff, 0x8c, 0x7f, 
	0x76, 0x7f, 0xff, 0xff, 0xff, 0xff, 0xff, 0x86, 0x7f, 0xff, 0xff, 0xff, 0xff, 0xff, 0xf6, 0x7f, 
	0xff, 0xff, 0xff, 0xff, 0xff, 0x76, 0x7f, 0xff, 0xff, 0xff, 0xff, 0xff, 0x8e, 0x7f, 0xff, 0xff, 
	0xff, 0xff, 0xff, 0xfe, 0x7f, 0xff, 0xff, 0xff, 0xff, 0xff, 0xfe, 0x3f, 0xff, 0xff, 0xff, 0xff, 
	0xff, 0xfc, 0x1f, 0xff, 0xff, 0xff, 0xff, 0xff, 0xf8, 0x00, 0x00, 0x00, 0x00, 0x00, 0x00, 0x00
};
// '06_spade', 56x80px
const unsigned char epd_bitmap_06_spade [] PROGMEM = {
	0x00, 0x00, 0x00, 0x00, 0x00, 0x00, 0x00, 0x1f, 0xff, 0xff, 0xff, 0xff, 0xff, 0xf8, 0x3f, 0xff, 
	0xff, 0xff, 0xff, 0xff, 0xfc, 0x7f, 0xff, 0xff, 0xff, 0xff, 0xff, 0xfe, 0x71, 0xff, 0xff, 0xff, 
	0xff, 0xff, 0xfe, 0x6e, 0xff, 0xff, 0xff, 0xff, 0xff, 0xfe, 0x6f, 0xff, 0xff, 0xff, 0xff, 0xff, 
	0xfe, 0x61, 0xff, 0xff, 0xff, 0xff, 0xff, 0xfe, 0x6e, 0xff, 0xcf, 0xff, 0xf3, 0xff, 0xfe, 0x6e, 
	0xff, 0x87, 0xff, 0xe1, 0xff, 0xfe, 0x71, 0xff, 0x03, 0xff, 0xc0, 0xff, 0xfe, 0x7f, 0xfe, 0x01, 
	0xff, 0x80, 0x7f, 0xfe, 0x7b, 0xfc, 0x00, 0xff, 0x00, 0x3f, 0xfe, 0x71, 0xfc, 0x00, 0xff, 0x00, 
	0x3f, 0xfe, 0x60, 0xfc, 0x00, 0xff, 0x00, 0x3f, 0xfe, 0x60, 0xfe, 0x49, 0xff, 0x92, 0x7f, 0xfe, 
	0x7b, 0xff, 0xcf, 0xff, 0xf3, 0xff, 0xfe, 0x71, 0xff, 0x03, 0xff, 0xc0, 0xff, 0xfe, 0x7f, 0xff, 
	0xff, 0xff, 0xff, 0xff, 0xfe, 0x7f, 0xff, 0xff, 0xff, 0xff, 0xff, 0xfe, 0x7f, 0xff, 0xff, 0xff, 
	0xff, 0xff, 0xfe, 0x7f, 0xff, 0xff, 0xff, 0xff, 0xff, 0xfe, 0x7f, 0xff, 0xff, 0xff, 0xff, 0xff, 
	0xfe, 0x7f, 0xff, 0xff, 0xff, 0xff, 0xff, 0xfe, 0x7f, 0xff, 0xff, 0xff, 0xff, 0xff, 0xfe, 0x7f, 
	0xff, 0xff, 0xff, 0xff, 0xff, 0xfe, 0x7f, 0xff, 0xff, 0xff, 0xff, 0xff, 0xfe, 0x7f, 0xff, 0xff, 
	0xff, 0xff, 0xff, 0xfe, 0x7f, 0xff, 0xff, 0xff, 0xff, 0xff, 0xfe, 0x7f, 0xff, 0xff, 0xff, 0xff, 
	0xff, 0xfe, 0x7f, 0xff, 0xff, 0xff, 0xff, 0xff, 0xfe, 0x7f, 0xff, 0xff, 0xff, 0xff, 0xff, 0xfe, 
	0x7f, 0xff, 0xff, 0xff, 0xff, 0xff, 0xfe, 0x7f, 0xff, 0xff, 0xff, 0xff, 0xff, 0xfe, 0x7f, 0xff, 
	0xff, 0xff, 0xff, 0xff, 0xfe, 0x7f, 0xff, 0xcf, 0xff, 0xf3, 0xff, 0xfe, 0x7f, 0xff, 0x87, 0xff, 
	0xe1, 0xff, 0xfe, 0x7f, 0xff, 0x03, 0xff, 0xc0, 0xff, 0xfe, 0x7f, 0xfe, 0x01, 0xff, 0x80, 0x7f, 
	0xfe, 0x7f, 0xfc, 0x00, 0xff, 0x00, 0x3f, 0xfe, 0x7f, 0xfc, 0x00, 0xff, 0x00, 0x3f, 0xfe, 0x7f, 
	0xfc, 0x00, 0xff, 0x00, 0x3f, 0xfe, 0x7f, 0xfe, 0x49, 0xff, 0x92, 0x7f, 0xfe, 0x7f, 0xff, 0xcf, 
	0xff, 0xf3, 0xff, 0xfe, 0x7f, 0xff, 0x03, 0xff, 0xc0, 0xff, 0xfe, 0x7f, 0xff, 0xff, 0xff, 0xff, 
	0xff, 0xfe, 0x7f, 0xff, 0xff, 0xff, 0xff, 0xff, 0xfe, 0x7f, 0xff, 0xff, 0xff, 0xff, 0xff, 0xfe, 
	0x7f, 0xff, 0xff, 0xff, 0xff, 0xff, 0xfe, 0x7f, 0xff, 0xff, 0xff, 0xff, 0xff, 0xfe, 0x7f, 0xff, 
	0xff, 0xff, 0xff, 0xff, 0xfe, 0x7f, 0xff, 0xff, 0xff, 0xff, 0xff, 0xfe, 0x7f, 0xff, 0xff, 0xff, 
	0xff, 0xff, 0xfe, 0x7f, 0xff, 0xff, 0xff, 0xff, 0xff, 0xfe, 0x7f, 0xff, 0xff, 0xff, 0xff, 0xff, 
	0xfe, 0x7f, 0xff, 0xff, 0xff, 0xff, 0xff, 0xfe, 0x7f, 0xff, 0xff, 0xff, 0xff, 0xff, 0xfe, 0x7f, 
	0xff, 0xff, 0xff, 0xff, 0xff, 0xfe, 0x7f, 0xff, 0xff, 0xff, 0xff, 0xff, 0xfe, 0x7f, 0xff, 0xff, 
	0xff, 0xff, 0xff, 0xfe, 0x7f, 0xff, 0xff, 0xff, 0xff, 0xff, 0xfe, 0x7f, 0xff, 0xff, 0xff, 0xff, 
	0xff, 0x8e, 0x7f, 0xff, 0x03, 0xff, 0xc0, 0xff, 0xde, 0x7f, 0xff, 0xcf, 0xff, 0xf3, 0xff, 0x06, 
	0x7f, 0xfe, 0x49, 0xff, 0x92, 0x7f, 0x06, 0x7f, 0xfc, 0x00, 0xff, 0x00, 0x3f, 0x8e, 0x7f, 0xfc, 
	0x00, 0xff, 0x00, 0x3f, 0xde, 0x7f, 0xfc, 0x00, 0xff, 0x00, 0x3f, 0xfe, 0x7f, 0xfe, 0x01, 0xff, 
	0x80, 0x7f, 0x8e, 0x7f, 0xff, 0x03, 0xff, 0xc0, 0xff, 0x76, 0x7f, 0xff, 0x87, 0xff, 0xe1, 0xff, 
	0x76, 0x7f, 0xff, 0xcf, 0xff, 0xf3, 0xff, 0x86, 0x7f, 0xff, 0xff, 0xff, 0xff, 0xff, 0xf6, 0x7f, 
	0xff, 0xff, 0xff, 0xff, 0xff, 0x76, 0x7f, 0xff, 0xff, 0xff, 0xff, 0xff, 0x8e, 0x7f, 0xff, 0xff, 
	0xff, 0xff, 0xff, 0xfe, 0x7f, 0xff, 0xff, 0xff, 0xff, 0xff, 0xfe, 0x3f, 0xff, 0xff, 0xff, 0xff, 
	0xff, 0xfc, 0x1f, 0xff, 0xff, 0xff, 0xff, 0xff, 0xf8, 0x00, 0x00, 0x00, 0x00, 0x00, 0x00, 0x00
};
// '07_clubs', 56x80px
const unsigned char epd_bitmap_07_clubs [] PROGMEM = {
	0x00, 0x00, 0x00, 0x00, 0x00, 0x00, 0x00, 0x1f, 0xff, 0xff, 0xff, 0xff, 0xff, 0xf8, 0x3f, 0xff, 
	0xff, 0xff, 0xff, 0xff, 0xfc, 0x7f, 0xff, 0xff, 0xff, 0xff, 0xff, 0xfe, 0x60, 0xff, 0xff, 0xff, 
	0xff, 0xff, 0xfe, 0x7e, 0xff, 0xff, 0xff, 0xff, 0xff, 0xfe, 0x7e, 0xff, 0xff, 0xff, 0xff, 0xff, 
	0xfe, 0x7d, 0xff, 0xff, 0xff, 0xff, 0xff, 0xfe, 0x7b, 0xff, 0xff, 0xe7, 0xff, 0xff, 0xfe, 0x7b, 
	0xff, 0xff, 0xc3, 0xff, 0xff, 0xfe, 0x7b, 0xff, 0xff, 0xc3, 0xff, 0xff, 0xfe, 0x7f, 0xff, 0xff, 
	0xc3, 0xff, 0xff, 0xfe, 0x7b, 0xff, 0xff, 0x24, 0xff, 0xff, 0xfe, 0x71, 0xff, 0xfe, 0x00, 0x7f, 
	0xff, 0xfe, 0x64, 0xff, 0xfe, 0x00, 0x7f, 0xff, 0xfe, 0x71, 0xff, 0xff, 0x24, 0xff, 0xff, 0xfe, 
	0x7b, 0xff, 0xff, 0xc7, 0xff, 0xff, 0xfe, 0x71, 0xff, 0xff, 0x81, 0xff, 0xff, 0xfe, 0x7f, 0xff, 
	0xff, 0xff, 0xff, 0xff, 0xfe, 0x7f, 0xff, 0xff, 0xff, 0xff, 0xff, 0xfe, 0x7f, 0xff, 0xff, 0xff, 
	0xff, 0xff, 0xfe, 0x7f, 0xff, 0xff, 0xff, 0xff, 0xff, 0xfe, 0x7f, 0xff, 0xcf, 0xff, 0xf3, 0xff, 
	0xfe, 0x7f, 0xff, 0x87, 0xff, 0xe1, 0xff, 0xfe, 0x7f, 0xff, 0x87, 0xff, 0xe1, 0xff, 0xfe, 0x7f, 
	0xff, 0x87, 0xff, 0xe1, 0xff, 0xfe, 0x7f, 0xfe, 0x49, 0xff, 0x92, 0x7f, 0xfe, 0x7f, 0xfc, 0x00, 
	0xff, 0x00, 0x3f, 0xfe, 0x7f, 0xfc, 0x00, 0xff, 0x00, 0x3f, 0xfe, 0x7f, 0xfe, 0x49, 0xff, 0x92, 
	0x7f, 0xfe, 0x7f, 0xff, 0x87, 0xff, 0xe1, 0xff, 0xfe, 0x7f, 0xff, 0x03, 0xff, 0xc0, 0xff, 0xfe, 
	0x7f, 0xff, 0xff, 0xff, 0xff, 0xff, 0xfe, 0x7f, 0xff, 0xff, 0xff, 0xff, 0xff, 0xfe, 0x7f, 0xff, 
	0xff, 0xff, 0xff, 0xff, 0xfe, 0x7f, 0xff, 0xff, 0xe7, 0xff, 0xff, 0xfe, 0x7f, 0xff, 0xff, 0xc3, 
	0xff, 0xff, 0xfe, 0x7f, 0xff, 0xff, 0xc3, 0xff, 0xff, 0xfe, 0x7f, 0xff, 0xff, 0xc3, 0xff, 0xff, 
	0xfe, 0x7f, 0xff, 0xff, 0x24, 0xff, 0xff, 0xfe, 0x7f, 0xff, 0xfe, 0x00, 0x7f, 0xff, 0xfe, 0x7f, 
	0xff, 0xfe, 0x00, 0x7f, 0xff, 0xfe, 0x7f, 0xff, 0xff, 0x24, 0xff, 0xff, 0xfe, 0x7f, 0xff, 0xff, 
	0xc3, 0xff, 0xff, 0xfe, 0x7f, 0xff, 0xff, 0x81, 0xff, 0xff, 0xfe, 0x7f, 0xff, 0xff, 0xff, 0xff, 
	0xff, 0xfe, 0x7f, 0xff, 0xff, 0xff, 0xff, 0xff, 0xfe, 0x7f, 0xff, 0xff, 0xff, 0xff, 0xff, 0xfe, 
	0x7f, 0xff, 0x03, 0xff, 0xc0, 0xff, 0xfe, 0x7f, 0xff, 0x87, 0xff, 0xe1, 0xff, 0xfe, 0x7f, 0xfe, 
	0x49, 0xff, 0x92, 0x7f, 0xfe, 0x7f, 0xfc, 0x00, 0xff, 0x00, 0x3f, 0xfe, 0x7f, 0xfc, 0x00, 0xff, 
	0x00, 0x3f, 0xfe, 0x7f, 0xfe, 0x49, 0xff, 0x92, 0x7f, 0xfe, 0x7f, 0xff, 0x87, 0xff, 0xe1, 0xff, 
	0xfe, 0x7f, 0xff, 0x87, 0xff, 0xe1, 0xff, 0xfe, 0x7f, 0xff, 0x87, 0xff, 0xe1, 0xff, 0xfe, 0x7f, 
	0xff, 0xcf, 0xff, 0xf3, 0xff, 0xfe, 0x7f, 0xff, 0xff, 0xff, 0xff, 0xff, 0xfe, 0x7f, 0xff, 0xff, 
	0x81, 0xff, 0xff, 0xfe, 0x7f, 0xff, 0xff, 0xc3, 0xff, 0xff, 0xfe, 0x7f, 0xff, 0xff, 0x24, 0xff, 
	0xff, 0x8e, 0x7f, 0xff, 0xfe, 0x00, 0x7f, 0xff, 0xde, 0x7f, 0xff, 0xfe, 0x00, 0x7f, 0xff, 0x8e, 
	0x7f, 0xff, 0xff, 0x24, 0xff, 0xff, 0x26, 0x7f, 0xff, 0xff, 0xc3, 0xff, 0xff, 0x8e, 0x7f, 0xff, 
	0xff, 0xc3, 0xff, 0xff, 0xde, 0x7f, 0xff, 0xff, 0xc3, 0xff, 0xff, 0xfe, 0x7f, 0xff, 0xff, 0xe7, 
	0xff, 0xff, 0xde, 0x7f, 0xff, 0xff, 0xff, 0xff, 0xff, 0xde, 0x7f, 0xff, 0xff, 0xff, 0xff, 0xff, 
	0xde, 0x7f, 0xff, 0xff, 0xff, 0xff, 0xff, 0xbe, 0x7f, 0xff, 0xff, 0xff, 0xff, 0xff, 0x7e, 0x7f, 
	0xff, 0xff, 0xff, 0xff, 0xff, 0x7e, 0x7f, 0xff, 0xff, 0xff, 0xff, 0xff, 0x06, 0x7f, 0xff, 0xff, 
	0xff, 0xff, 0xff, 0xfe, 0x7f, 0xff, 0xff, 0xff, 0xff, 0xff, 0xfe, 0x3f, 0xff, 0xff, 0xff, 0xff, 
	0xff, 0xfc, 0x1f, 0xff, 0xff, 0xff, 0xff, 0xff, 0xf8, 0x00, 0x00, 0x00, 0x00, 0x00, 0x00, 0x00
};
// '07_diamond', 56x80px
const unsigned char epd_bitmap_07_diamond [] PROGMEM = {
	0x00, 0x00, 0x00, 0x00, 0x00, 0x00, 0x00, 0x1f, 0xff, 0xff, 0xff, 0xff, 0xff, 0xf8, 0x3f, 0xff, 
	0xff, 0xff, 0xff, 0xff, 0xfc, 0x7f, 0xff, 0xff, 0xff, 0xff, 0xff, 0xfe, 0x60, 0xff, 0xff, 0xff, 
	0xff, 0xff, 0xfe, 0x7e, 0xff, 0xff, 0xff, 0xff, 0xff, 0xfe, 0x7e, 0xff, 0xff, 0xff, 0xff, 0xff, 
	0xfe, 0x7d, 0xff, 0xff, 0xff, 0xff, 0xff, 0xfe, 0x7b, 0xff, 0xff, 0xe7, 0xff, 0xff, 0xfe, 0x7b, 
	0xff, 0xff, 0xc3, 0xff, 0xff, 0xfe, 0x7b, 0xff, 0xff, 0x81, 0xff, 0xff, 0xfe, 0x7f, 0xff, 0xff, 
	0x00, 0xff, 0xff, 0xfe, 0x7b, 0xff, 0xfe, 0x00, 0x7f, 0xff, 0xfe, 0x71, 0xff, 0xfe, 0x00, 0x7f, 
	0xff, 0xfe, 0x60, 0xff, 0xff, 0x00, 0xff, 0xff, 0xfe, 0x60, 0xff, 0xff, 0x81, 0xff, 0xff, 0xfe, 
	0x71, 0xff, 0xff, 0xc3, 0xff, 0xff, 0xfe, 0x7b, 0xff, 0xff, 0xe7, 0xff, 0xff, 0xfe, 0x7f, 0xff, 
	0xff, 0xff, 0xff, 0xff, 0xfe, 0x7f, 0xff, 0xff, 0xff, 0xff, 0xff, 0xfe, 0x7f, 0xff, 0xff, 0xff, 
	0xff, 0xff, 0xfe, 0x7f, 0xff, 0xff, 0xff, 0xff, 0xff, 0xfe, 0x7f, 0xff, 0xcf, 0xff, 0xf3, 0xff, 
	0xfe, 0x7f, 0xff, 0x87, 0xff, 0xe1, 0xff, 0xfe, 0x7f, 0xff, 0x03, 0xff, 0xc0, 0xff, 0xfe, 0x7f, 
	0xfe, 0x01, 0xff, 0x80, 0x7f, 0xfe, 0x7f, 0xfc, 0x00, 0xff, 0x00, 0x3f, 0xfe, 0x7f, 0xfc, 0x00, 
	0xff, 0x00, 0x3f, 0xfe, 0x7f, 0xfe, 0x01, 0xff, 0x80, 0x7f, 0xfe, 0x7f, 0xff, 0x03, 0xff, 0xc0, 
	0xff, 0xfe, 0x7f, 0xff, 0x87, 0xff, 0xe1, 0xff, 0xfe, 0x7f, 0xff, 0xcf, 0xff, 0xf3, 0xff, 0xfe, 
	0x7f, 0xff, 0xff, 0xff, 0xff, 0xff, 0xfe, 0x7f, 0xff, 0xff, 0xff, 0xff, 0xff, 0xfe, 0x7f, 0xff, 
	0xff, 0xff, 0xff, 0xff, 0xfe, 0x7f, 0xff, 0xff, 0xe7, 0xff, 0xff, 0xfe, 0x7f, 0xff, 0xff, 0xc3, 
	0xff, 0xff, 0xfe, 0x7f, 0xff, 0xff, 0x81, 0xff, 0xff, 0xfe, 0x7f, 0xff, 0xff, 0x00, 0xff, 0xff, 
	0xfe, 0x7f, 0xff, 0xfe, 0x00, 0x7f, 0xff, 0xfe, 0x7f, 0xff, 0xfe, 0x00, 0x7f, 0xff, 0xfe, 0x7f, 
	0xff, 0xff, 0x00, 0xff, 0xff, 0xfe, 0x7f, 0xff, 0xff, 0x81, 0xff, 0xff, 0xfe, 0x7f, 0xff, 0xff, 
	0xc3, 0xff, 0xff, 0xfe, 0x7f, 0xff, 0xff, 0xe7, 0xff, 0xff, 0xfe, 0x7f, 0xff, 0xff, 0xff, 0xff, 
	0xff, 0xfe, 0x7f, 0xff, 0xff, 0xff, 0xff, 0xff, 0xfe, 0x7f, 0xff, 0xff, 0xff, 0xff, 0xff, 0xfe, 
	0x7f, 0xff, 0xcf, 0xff, 0xf3, 0xff, 0xfe, 0x7f, 0xff, 0x87, 0xff, 0xe1, 0xff, 0xfe, 0x7f, 0xff, 
	0x03, 0xff, 0xc0, 0xff, 0xfe, 0x7f, 0xfe, 0x01, 0xff, 0x80, 0x7f, 0xfe, 0x7f, 0xfc, 0x00, 0xff, 
	0x00, 0x3f, 0xfe, 0x7f, 0xfc, 0x00, 0xff, 0x00, 0x3f, 0xfe, 0x7f, 0xfe, 0x01, 0xff, 0x80, 0x7f, 
	0xfe, 0x7f, 0xff, 0x03, 0xff, 0xc0, 0xff, 0xfe, 0x7f, 0xff, 0x87, 0xff, 0xe1, 0xff, 0xfe, 0x7f, 
	0xff, 0xcf, 0xff, 0xf3, 0xff, 0xfe, 0x7f, 0xff, 0xff, 0xff, 0xff, 0xff, 0xfe, 0x7f, 0xff, 0xff, 
	0xff, 0xff, 0xff, 0xfe, 0x7f, 0xff, 0xff, 0xff, 0xff, 0xff, 0xfe, 0x7f, 0xff, 0xff, 0xff, 0xff, 
	0xff, 0xde, 0x7f, 0xff, 0xff, 0xe7, 0xff, 0xff, 0x8e, 0x7f, 0xff, 0xff, 0xc3, 0xff, 0xff, 0x06, 
	0x7f, 0xff, 0xff, 0x81, 0xff, 0xff, 0x06, 0x7f, 0xff, 0xff, 0x00, 0xff, 0xff, 0x8e, 0x7f, 0xff, 
	0xfe, 0x00, 0x7f, 0xff, 0xde, 0x7f, 0xff, 0xfe, 0x00, 0x7f, 0xff, 0xfe, 0x7f, 0xff, 0xff, 0x00, 
	0xff, 0xff, 0xde, 0x7f, 0xff, 0xff, 0x81, 0xff, 0xff, 0xde, 0x7f, 0xff, 0xff, 0xc3, 0xff, 0xff, 
	0xde, 0x7f, 0xff, 0xff, 0xe7, 0xff, 0xff, 0xbe, 0x7f, 0xff, 0xff, 0xff, 0xff, 0xff, 0x7e, 0x7f, 
	0xff, 0xff, 0xff, 0xff, 0xff, 0x7e, 0x7f, 0xff, 0xff, 0xff, 0xff, 0xff, 0x06, 0x7f, 0xff, 0xff, 
	0xff, 0xff, 0xff, 0xfe, 0x7f, 0xff, 0xff, 0xff, 0xff, 0xff, 0xfe, 0x3f, 0xff, 0xff, 0xff, 0xff, 
	0xff, 0xfc, 0x1f, 0xff, 0xff, 0xff, 0xff, 0xff, 0xf8, 0x00, 0x00, 0x00, 0x00, 0x00, 0x00, 0x00
};
// '07_heart', 56x80px
const unsigned char epd_bitmap_07_heart [] PROGMEM = {
	0x00, 0x00, 0x00, 0x00, 0x00, 0x00, 0x00, 0x1f, 0xff, 0xff, 0xff, 0xff, 0xff, 0xf8, 0x3f, 0xff, 
	0xff, 0xff, 0xff, 0xff, 0xfc, 0x7f, 0xff, 0xff, 0xff, 0xff, 0xff, 0xfe, 0x60, 0xff, 0xff, 0xff, 
	0xff, 0xff, 0xfe, 0x7e, 0xff, 0xff, 0xff, 0xff, 0xff, 0xfe, 0x7e, 0xff, 0xff, 0xff, 0xff, 0xff, 
	0xfe, 0x7d, 0xff, 0xff, 0xff, 0xff, 0xff, 0xfe, 0x7b, 0xff, 0xff, 0xff, 0xff, 0xff, 0xfe, 0x7b, 
	0xff, 0xff, 0x18, 0xff, 0xff, 0xfe, 0x7b, 0xff, 0xfe, 0x00, 0x7f, 0xff, 0xfe, 0x7f, 0xff, 0xfe, 
	0x00, 0x7f, 0xff, 0xfe, 0x64, 0xff, 0xfe, 0x00, 0x7f, 0xff, 0xfe, 0x60, 0xff, 0xff, 0x00, 0xff, 
	0xff, 0xfe, 0x60, 0xff, 0xff, 0x81, 0xff, 0xff, 0xfe, 0x60, 0xff, 0xff, 0xc3, 0xff, 0xff, 0xfe, 
	0x71, 0xff, 0xff, 0xe7, 0xff, 0xff, 0xfe, 0x7b, 0xff, 0xff, 0xff, 0xff, 0xff, 0xfe, 0x7f, 0xff, 
	0xff, 0xff, 0xff, 0xff, 0xfe, 0x7f, 0xff, 0xff, 0xff, 0xff, 0xff, 0xfe, 0x7f, 0xff, 0xff, 0xff, 
	0xff, 0xff, 0xfe, 0x7f, 0xff, 0xff, 0xff, 0xff, 0xff, 0xfe, 0x7f, 0xff, 0xff, 0xff, 0xff, 0xff, 
	0xfe, 0x7f, 0xfe, 0x31, 0xff, 0x8c, 0x7f, 0xfe, 0x7f, 0xfc, 0x00, 0xff, 0x00, 0x3f, 0xfe, 0x7f, 
	0xfc, 0x00, 0xff, 0x00, 0x3f, 0xfe, 0x7f, 0xfc, 0x00, 0xff, 0x00, 0x3f, 0xfe, 0x7f, 0xfe, 0x01, 
	0xff, 0x80, 0x7f, 0xfe, 0x7f, 0xff, 0x03, 0xff, 0xc0, 0xff, 0xfe, 0x7f, 0xff, 0x87, 0xff, 0xe1, 
	0xff, 0xfe, 0x7f, 0xff, 0xcf, 0xff, 0xf3, 0xff, 0xfe, 0x7f, 0xff, 0xff, 0xff, 0xff, 0xff, 0xfe, 
	0x7f, 0xff, 0xff, 0xff, 0xff, 0xff, 0xfe, 0x7f, 0xff, 0xff, 0xff, 0xff, 0xff, 0xfe, 0x7f, 0xff, 
	0xff, 0xff, 0xff, 0xff, 0xfe, 0x7f, 0xff, 0xff, 0xff, 0xff, 0xff, 0xfe, 0x7f, 0xff, 0xff, 0x18, 
	0xff, 0xff, 0xfe, 0x7f, 0xff, 0xfe, 0x00, 0x7f, 0xff, 0xfe, 0x7f, 0xff, 0xfe, 0x00, 0x7f, 0xff, 
	0xfe, 0x7f, 0xff, 0xfe, 0x00, 0x7f, 0xff, 0xfe, 0x7f, 0xff, 0xff, 0x00, 0xff, 0xff, 0xfe, 0x7f, 
	0xff, 0xff, 0x81, 0xff, 0xff, 0xfe, 0x7f, 0xff, 0xff, 0xc3, 0xff, 0xff, 0xfe, 0x7f, 0xff, 0xff, 
	0xe7, 0xff, 0xff, 0xfe, 0x7f, 0xff, 0xff, 0xff, 0xff, 0xff, 0xfe, 0x7f, 0xff, 0xff, 0xff, 0xff, 
	0xff, 0xfe, 0x7f, 0xff, 0xff, 0xff, 0xff, 0xff, 0xfe, 0x7f, 0xff, 0xff, 0xff, 0xff, 0xff, 0xfe, 
	0x7f, 0xff, 0xff, 0xff, 0xff, 0xff, 0xfe, 0x7f, 0xff, 0xcf, 0xff, 0xf3, 0xff, 0xfe, 0x7f, 0xff, 
	0x87, 0xff, 0xe1, 0xff, 0xfe, 0x7f, 0xff, 0x03, 0xff, 0xc0, 0xff, 0xfe, 0x7f, 0xfe, 0x01, 0xff, 
	0x80, 0x7f, 0xfe, 0x7f, 0xfc, 0x00, 0xff, 0x00, 0x3f, 0xfe, 0x7f, 0xfc, 0x00, 0xff, 0x00, 0x3f, 
	0xfe, 0x7f, 0xfc, 0x00, 0xff, 0x00, 0x3f, 0xfe, 0x7f, 0xfe, 0x31, 0xff, 0x8c, 0x7f, 0xfe, 0x7f, 
	0xff, 0xff, 0xff, 0xff, 0xff, 0xfe, 0x7f, 0xff, 0xff, 0xff, 0xff, 0xff, 0xfe, 0x7f, 0xff, 0xff, 
	0xff, 0xff, 0xff, 0xfe, 0x7f, 0xff, 0xff, 0xff, 0xff, 0xff, 0xfe, 0x7f, 0xff, 0xff, 0xff, 0xff, 
	0xff, 0xde, 0x7f, 0xff, 0xff, 0xff, 0xff, 0xff, 0x8e, 0x7f, 0xff, 0xff, 0xe7, 0xff, 0xff, 0x06, 
	0x7f, 0xff, 0xff, 0xc3, 0xff, 0xff, 0x06, 0x7f, 0xff, 0xff, 0x81, 0xff, 0xff, 0x06, 0x7f, 0xff, 
	0xff, 0x00, 0xff, 0xff, 0x26, 0x7f, 0xff, 0xfe, 0x00, 0x7f, 0xff, 0xfe, 0x7f, 0xff, 0xfe, 0x00, 
	0x7f, 0xff, 0xde, 0x7f, 0xff, 0xfe, 0x00, 0x7f, 0xff, 0xde, 0x7f, 0xff, 0xff, 0x18, 0xff, 0xff, 
	0xde, 0x7f, 0xff, 0xff, 0xff, 0xff, 0xff, 0xbe, 0x7f, 0xff, 0xff, 0xff, 0xff, 0xff, 0x7e, 0x7f, 
	0xff, 0xff, 0xff, 0xff, 0xff, 0x7e, 0x7f, 0xff, 0xff, 0xff, 0xff, 0xff, 0x06, 0x7f, 0xff, 0xff, 
	0xff, 0xff, 0xff, 0xfe, 0x7f, 0xff, 0xff, 0xff, 0xff, 0xff, 0xfe, 0x3f, 0xff, 0xff, 0xff, 0xff, 
	0xff, 0xfc, 0x1f, 0xff, 0xff, 0xff, 0xff, 0xff, 0xf8, 0x00, 0x00, 0x00, 0x00, 0x00, 0x00, 0x00
};
// '07_spade', 56x80px
const unsigned char epd_bitmap_07_spade [] PROGMEM = {
	0x00, 0x00, 0x00, 0x00, 0x00, 0x00, 0x00, 0x1f, 0xff, 0xff, 0xff, 0xff, 0xff, 0xf8, 0x3f, 0xff, 
	0xff, 0xff, 0xff, 0xff, 0xfc, 0x7f, 0xff, 0xff, 0xff, 0xff, 0xff, 0xfe, 0x60, 0xff, 0xff, 0xff, 
	0xff, 0xff, 0xfe, 0x7e, 0xff, 0xff, 0xff, 0xff, 0xff, 0xfe, 0x7e, 0xff, 0xff, 0xff, 0xff, 0xff, 
	0xfe, 0x7d, 0xff, 0xff, 0xff, 0xff, 0xff, 0xfe, 0x7b, 0xff, 0xff, 0xe7, 0xff, 0xff, 0xfe, 0x7b, 
	0xff, 0xff, 0xc3, 0xff, 0xff, 0xfe, 0x7b, 0xff, 0xff, 0x81, 0xff, 0xff, 0xfe, 0x7f, 0xff, 0xff, 
	0x00, 0xff, 0xff, 0xfe, 0x7b, 0xff, 0xfe, 0x00, 0x7f, 0xff, 0xfe, 0x71, 0xff, 0xfe, 0x00, 0x7f, 
	0xff, 0xfe, 0x60, 0xff, 0xfe, 0x00, 0x7f, 0xff, 0xfe, 0x60, 0xff, 0xff, 0x24, 0xff, 0xff, 0xfe, 
	0x7b, 0xff, 0xff, 0xe7, 0xff, 0xff, 0xfe, 0x71, 0xff, 0xff, 0x81, 0xff, 0xff, 0xfe, 0x7f, 0xff, 
	0xff, 0xff, 0xff, 0xff, 0xfe, 0x7f, 0xff, 0xff, 0xff, 0xff, 0xff, 0xfe, 0x7f, 0xff, 0xff, 0xff, 
	0xff, 0xff, 0xfe, 0x7f, 0xff, 0xff, 0xff, 0xff, 0xff, 0xfe, 0x7f, 0xff, 0xcf, 0xff, 0xf3, 0xff, 
	0xfe, 0x7f, 0xff, 0x87, 0xff, 0xe1, 0xff, 0xfe, 0x7f, 0xff, 0x03, 0xff, 0xc0, 0xff, 0xfe, 0x7f, 
	0xfe, 0x01, 0xff, 0x80, 0x7f, 0xfe, 0x7f, 0xfc, 0x00, 0xff, 0x00, 0x3f, 0xfe, 0x7f, 0xfc, 0x00, 
	0xff, 0x00, 0x3f, 0xfe, 0x7f, 0xfc, 0x00, 0xff, 0x00, 0x3f, 0xfe, 0x7f, 0xfe, 0x49, 0xff, 0x92, 
	0x7f, 0xfe, 0x7f, 0xff, 0xcf, 0xff, 0xf3, 0xff, 0xfe, 0x7f, 0xff, 0x03, 0xff, 0xc0, 0xff, 0xfe, 
	0x7f, 0xff, 0xff, 0xff, 0xff, 0xff, 0xfe, 0x7f, 0xff, 0xff, 0xff, 0xff, 0xff, 0xfe, 0x7f, 0xff, 
	0xff, 0xff, 0xff, 0xff, 0xfe, 0x7f, 0xff, 0xff, 0xe7, 0xff, 0xff, 0xfe, 0x7f, 0xff, 0xff, 0xc3, 
	0xff, 0xff, 0xfe, 0x7f, 0xff, 0xff, 0x81, 0xff, 0xff, 0xfe, 0x7f, 0xff, 0xff, 0x00, 0xff, 0xff, 
	0xfe, 0x7f, 0xff, 0xfe, 0x00, 0x7f, 0xff, 0xfe, 0x7f, 0xff, 0xfe, 0x00, 0x7f, 0xff, 0xfe, 0x7f, 
	0xff, 0xfe, 0x00, 0x7f, 0xff, 0xfe, 0x7f, 0xff, 0xff, 0x24, 0xff, 0xff, 0xfe, 0x7f, 0xff, 0xff, 
	0xe7, 0xff, 0xff, 0xfe, 0x7f, 0xff, 0xff, 0x81, 0xff, 0xff, 0xfe, 0x7f, 0xff, 0xff, 0xff, 0xff, 
	0xff, 0xfe, 0x7f, 0xff, 0xff, 0xff, 0xff, 0xff, 0xfe, 0x7f, 0xff, 0xff, 0xff, 0xff, 0xff, 0xfe, 
	0x7f, 0xff, 0x03, 0xff, 0xc0, 0xff, 0xfe, 0x7f, 0xff, 0xcf, 0xff, 0xf3, 0xff, 0xfe, 0x7f, 0xfe, 
	0x49, 0xff, 0x92, 0x7f, 0xfe, 0x7f, 0xfc, 0x00, 0xff, 0x00, 0x3f, 0xfe, 0x7f, 0xfc, 0x00, 0xff, 
	0x00, 0x3f, 0xfe, 0x7f, 0xfc, 0x00, 0xff, 0x00, 0x3f, 0xfe, 0x7f, 0xfe, 0x01, 0xff, 0x80, 0x7f, 
	0xfe, 0x7f, 0xff, 0x03, 0xff, 0xc0, 0xff, 0xfe, 0x7f, 0xff, 0x87, 0xff, 0xe1, 0xff, 0xfe, 0x7f, 
	0xff, 0xcf, 0xff, 0xf3, 0xff, 0xfe, 0x7f, 0xff, 0xff, 0xff, 0xff, 0xff, 0xfe, 0x7f, 0xff, 0xff, 
	0xff, 0xff, 0xff, 0xfe, 0x7f, 0xff, 0xff, 0xff, 0xff, 0xff, 0xfe, 0x7f, 0xff, 0xff, 0xff, 0xff, 
	0xff, 0x8e, 0x7f, 0xff, 0xff, 0x81, 0xff, 0xff, 0xde, 0x7f, 0xff, 0xff, 0xe7, 0xff, 0xff, 0x06, 
	0x7f, 0xff, 0xff, 0x24, 0xff, 0xff, 0x06, 0x7f, 0xff, 0xfe, 0x00, 0x7f, 0xff, 0x8e, 0x7f, 0xff, 
	0xfe, 0x00, 0x7f, 0xff, 0xde, 0x7f, 0xff, 0xfe, 0x00, 0x7f, 0xff, 0xfe, 0x7f, 0xff, 0xff, 0x00, 
	0xff, 0xff, 0xde, 0x7f, 0xff, 0xff, 0x81, 0xff, 0xff, 0xde, 0x7f, 0xff, 0xff, 0xc3, 0xff, 0xff, 
	0xde, 0x7f, 0xff, 0xff, 0xe7, 0xff, 0xff, 0xbe, 0x7f, 0xff, 0xff, 0xff, 0xff, 0xff, 0x7e, 0x7f, 
	0xff, 0xff, 0xff, 0xff, 0xff, 0x7e, 0x7f, 0xff, 0xff, 0xff, 0xff, 0xff, 0x06, 0x7f, 0xff, 0xff, 
	0xff, 0xff, 0xff, 0xfe, 0x7f, 0xff, 0xff, 0xff, 0xff, 0xff, 0xfe, 0x3f, 0xff, 0xff, 0xff, 0xff, 
	0xff, 0xfc, 0x1f, 0xff, 0xff, 0xff, 0xff, 0xff, 0xf8, 0x00, 0x00, 0x00, 0x00, 0x00, 0x00, 0x00
};
// '08_clubs', 56x80px
const unsigned char epd_bitmap_08_clubs [] PROGMEM = {
	0x00, 0x00, 0x00, 0x00, 0x00, 0x00, 0x00, 0x1f, 0xff, 0xff, 0xff, 0xff, 0xff, 0xf8, 0x3f, 0xff, 
	0xff, 0xff, 0xff, 0xff, 0xfc, 0x7f, 0xff, 0xff, 0xff, 0xff, 0xff, 0xfe, 0x71, 0xff, 0xff, 0xff, 
	0xff, 0xff, 0xfe, 0x6e, 0xff, 0xff, 0xff, 0xff, 0xff, 0xfe, 0x6e, 0xff, 0xff, 0xff, 0xff, 0xff, 
	0xfe, 0x71, 0xff, 0xff, 0xff, 0xff, 0xff, 0xfe, 0x6e, 0xff, 0xcf, 0xff, 0xf3, 0xff, 0xfe, 0x6e, 
	0xff, 0x87, 0xff, 0xe1, 0xff, 0xfe, 0x71, 0xff, 0x87, 0xff, 0xe1, 0xff, 0xfe, 0x7f, 0xff, 0x87, 
	0xff, 0xe1, 0xff, 0xfe, 0x7b, 0xfe, 0x49, 0xff, 0x92, 0x7f, 0xfe, 0x71, 0xfc, 0x00, 0xff, 0x00, 
	0x3f, 0xfe, 0x64, 0xfc, 0x00, 0xff, 0x00, 0x3f, 0xfe, 0x71, 0xfe, 0x49, 0xff, 0x92, 0x7f, 0xfe, 
	0x7b, 0xff, 0x87, 0xff, 0xe1, 0xff, 0xfe, 0x71, 0xff, 0x03, 0xff, 0xc0, 0xff, 0xfe, 0x7f, 0xff, 
	0xff, 0xff, 0xff, 0xff, 0xfe, 0x7f, 0xff, 0xff, 0xff, 0xff, 0xff, 0xfe, 0x7f, 0xff, 0xff, 0xff, 
	0xff, 0xff, 0xfe, 0x7f, 0xff, 0xff, 0xff, 0xff, 0xff, 0xfe, 0x7f, 0xff, 0xff, 0xff, 0xff, 0xff, 
	0xfe, 0x7f, 0xff, 0xff, 0xff, 0xff, 0xff, 0xfe, 0x7f, 0xff, 0xff, 0xff, 0xff, 0xff, 0xfe, 0x7f, 
	0xff, 0xff, 0xff, 0xff, 0xff, 0xfe, 0x7f, 0xff, 0xcf, 0xff, 0xf3, 0xff, 0xfe, 0x7f, 0xff, 0x87, 
	0xff, 0xe1, 0xff, 0xfe, 0x7f, 0xff, 0x87, 0xff, 0xe1, 0xff, 0xfe, 0x7f, 0xff, 0x87, 0xff, 0xe1, 
	0xff, 0xfe, 0x7f, 0xfe, 0x49, 0xff, 0x92, 0x7f, 0xfe, 0x7f, 0xfc, 0x00, 0xff, 0x00, 0x3f, 0xfe, 
	0x7f, 0xfc, 0x00, 0xff, 0x00, 0x3f, 0xfe, 0x7f, 0xfe, 0x49, 0xff, 0x92, 0x7f, 0xfe, 0x7f, 0xff, 
	0x87, 0xff, 0xe1, 0xff, 0xfe, 0x7f, 0xff, 0x03, 0xff, 0xc0, 0xff, 0xfe, 0x7f, 0xff, 0xff, 0xff, 
	0xff, 0xff, 0xfe, 0x7f, 0xff, 0xff, 0xff, 0xff, 0xff, 0xfe, 0x7f, 0xff, 0xff, 0xff, 0xff, 0xff, 
	0xfe, 0x7f, 0xff, 0xff, 0xff, 0xff, 0xff, 0xfe, 0x7f, 0xff, 0xff, 0xff, 0xff, 0xff, 0xfe, 0x7f, 
	0xff, 0xff, 0xff, 0xff, 0xff, 0xfe, 0x7f, 0xff, 0xff, 0xff, 0xff, 0xff, 0xfe, 0x7f, 0xff, 0xff, 
	0xff, 0xff, 0xff, 0xfe, 0x7f, 0xff, 0x03, 0xff, 0xc0, 0xff, 0xfe, 0x7f, 0xff, 0x87, 0xff, 0xe1, 
	0xff, 0xfe, 0x7f, 0xfe, 0x49, 0xff, 0x92, 0x7f, 0xfe, 0x7f, 0xfc, 0x00, 0xff, 0x00, 0x3f, 0xfe, 
	0x7f, 0xfc, 0x00, 0xff, 0x00, 0x3f, 0xfe, 0x7f, 0xfe, 0x49, 0xff, 0x92, 0x7f, 0xfe, 0x7f, 0xff, 
	0x87, 0xff, 0xe1, 0xff, 0xfe, 0x7f, 0xff, 0x87, 0xff, 0xe1, 0xff, 0xfe, 0x7f, 0xff, 0x87, 0xff, 
	0xe1, 0xff, 0xfe, 0x7f, 0xff, 0xcf, 0xff, 0xf3, 0xff, 0xfe, 0x7f, 0xff, 0xff, 0xff, 0xff, 0xff, 
	0xfe, 0x7f, 0xff, 0xff, 0xff, 0xff, 0xff, 0xfe, 0x7f, 0xff, 0xff, 0xff, 0xff, 0xff, 0xfe, 0x7f, 
	0xff, 0xff, 0xff, 0xff, 0xff, 0xfe, 0x7f, 0xff, 0xff, 0xff, 0xff, 0xff, 0xfe, 0x7f, 0xff, 0xff, 
	0xff, 0xff, 0xff, 0xfe, 0x7f, 0xff, 0xff, 0xff, 0xff, 0xff, 0xfe, 0x7f, 0xff, 0xff, 0xff, 0xff, 
	0xff, 0x8e, 0x7f, 0xff, 0x03, 0xff, 0xc0, 0xff, 0xde, 0x7f, 0xff, 0x87, 0xff, 0xe1, 0xff, 0x8e, 
	0x7f, 0xfe, 0x49, 0xff, 0x92, 0x7f, 0x26, 0x7f, 0xfc, 0x00, 0xff, 0x00, 0x3f, 0x8e, 0x7f, 0xfc, 
	0x00, 0xff, 0x00, 0x3f, 0xde, 0x7f, 0xfe, 0x49, 0xff, 0x92, 0x7f, 0xfe, 0x7f, 0xff, 0x87, 0xff, 
	0xe1, 0xff, 0x8e, 0x7f, 0xff, 0x87, 0xff, 0xe1, 0xff, 0x76, 0x7f, 0xff, 0x87, 0xff, 0xe1, 0xff, 
	0x76, 0x7f, 0xff, 0xcf, 0xff, 0xf3, 0xff, 0x8e, 0x7f, 0xff, 0xff, 0xff, 0xff, 0xff, 0x76, 0x7f, 
	0xff, 0xff, 0xff, 0xff, 0xff, 0x76, 0x7f, 0xff, 0xff, 0xff, 0xff, 0xff, 0x8e, 0x7f, 0xff, 0xff, 
	0xff, 0xff, 0xff, 0xfe, 0x7f, 0xff, 0xff, 0xff, 0xff, 0xff, 0xfe, 0x3f, 0xff, 0xff, 0xff, 0xff, 
	0xff, 0xfc, 0x1f, 0xff, 0xff, 0xff, 0xff, 0xff, 0xf8, 0x00, 0x00, 0x00, 0x00, 0x00, 0x00, 0x00
};
// '08_diamond', 56x80px
const unsigned char epd_bitmap_08_diamond [] PROGMEM = {
	0x00, 0x00, 0x00, 0x00, 0x00, 0x00, 0x00, 0x1f, 0xff, 0xff, 0xff, 0xff, 0xff, 0xf8, 0x3f, 0xff, 
	0xff, 0xff, 0xff, 0xff, 0xfc, 0x7f, 0xff, 0xff, 0xff, 0xff, 0xff, 0xfe, 0x71, 0xff, 0xff, 0xff, 
	0xff, 0xff, 0xfe, 0x6e, 0xff, 0xff, 0xff, 0xff, 0xff, 0xfe, 0x6e, 0xff, 0xff, 0xff, 0xff, 0xff, 
	0xfe, 0x71, 0xff, 0xff, 0xff, 0xff, 0xff, 0xfe, 0x6e, 0xff, 0xcf, 0xff, 0xf3, 0xff, 0xfe, 0x6e, 
	0xff, 0x87, 0xff, 0xe1, 0xff, 0xfe, 0x71, 0xff, 0x03, 0xff, 0xc0, 0xff, 0xfe, 0x7f, 0xfe, 0x01, 
	0xff, 0x80, 0x7f, 0xfe, 0x7b, 0xfc, 0x00, 0xff, 0x00, 0x3f, 0xfe, 0x71, 0xfc, 0x00, 0xff, 0x00, 
	0x3f, 0xfe, 0x60, 0xfe, 0x01, 0xff, 0x80, 0x7f, 0xfe, 0x60, 0xff, 0x03, 0xff, 0xc0, 0xff, 0xfe, 
	0x71, 0xff, 0x87, 0xff, 0xe1, 0xff, 0xfe, 0x7b, 0xff, 0xcf, 0xff, 0xf3, 0xff, 0xfe, 0x7f, 0xff, 
	0xff, 0xff, 0xff, 0xff, 0xfe, 0x7f, 0xff, 0xff, 0xff, 0xff, 0xff, 0xfe, 0x7f, 0xff, 0xff, 0xff, 
	0xff, 0xff, 0xfe, 0x7f, 0xff, 0xff, 0xff, 0xff, 0xff, 0xfe, 0x7f, 0xff, 0xff, 0xff, 0xff, 0xff, 
	0xfe, 0x7f, 0xff, 0xff, 0xff, 0xff, 0xff, 0xfe, 0x7f, 0xff, 0xff, 0xff, 0xff, 0xff, 0xfe, 0x7f, 
	0xff, 0xff, 0xff, 0xff, 0xff, 0xfe, 0x7f, 0xff, 0xcf, 0xff, 0xf3, 0xff, 0xfe, 0x7f, 0xff, 0x87, 
	0xff, 0xe1, 0xff, 0xfe, 0x7f, 0xff, 0x03, 0xff, 0xc0, 0xff, 0xfe, 0x7f, 0xfe, 0x01, 0xff, 0x80, 
	0x7f, 0xfe, 0x7f, 0xfc, 0x00, 0xff, 0x00, 0x3f, 0xfe, 0x7f, 0xfc, 0x00, 0xff, 0x00, 0x3f, 0xfe, 
	0x7f, 0xfe, 0x01, 0xff, 0x80, 0x7f, 0xfe, 0x7f, 0xff, 0x03, 0xff, 0xc0, 0xff, 0xfe, 0x7f, 0xff, 
	0x87, 0xff, 0xe1, 0xff, 0xfe, 0x7f, 0xff, 0xcf, 0xff, 0xf3, 0xff, 0xfe, 0x7f, 0xff, 0xff, 0xff, 
	0xff, 0xff, 0xfe, 0x7f, 0xff, 0xff, 0xff, 0xff, 0xff, 0xfe, 0x7f, 0xff, 0xff, 0xff, 0xff, 0xff, 
	0xfe, 0x7f, 0xff, 0xff, 0xff, 0xff, 0xff, 0xfe, 0x7f, 0xff, 0xff, 0xff, 0xff, 0xff, 0xfe, 0x7f, 
	0xff, 0xff, 0xff, 0xff, 0xff, 0xfe, 0x7f, 0xff, 0xff, 0xff, 0xff, 0xff, 0xfe, 0x7f, 0xff, 0xff, 
	0xff, 0xff, 0xff, 0xfe, 0x7f, 0xff, 0xcf, 0xff, 0xf3, 0xff, 0xfe, 0x7f, 0xff, 0x87, 0xff, 0xe1, 
	0xff, 0xfe, 0x7f, 0xff, 0x03, 0xff, 0xc0, 0xff, 0xfe, 0x7f, 0xfe, 0x01, 0xff, 0x80, 0x7f, 0xfe, 
	0x7f, 0xfc, 0x00, 0xff, 0x00, 0x3f, 0xfe, 0x7f, 0xfc, 0x00, 0xff, 0x00, 0x3f, 0xfe, 0x7f, 0xfe, 
	0x01, 0xff, 0x80, 0x7f, 0xfe, 0x7f, 0xff, 0x03, 0xff, 0xc0, 0xff, 0xfe, 0x7f, 0xff, 0x87, 0xff, 
	0xe1, 0xff, 0xfe, 0x7f, 0xff, 0xcf, 0xff, 0xf3, 0xff, 0xfe, 0x7f, 0xff, 0xff, 0xff, 0xff, 0xff, 
	0xfe, 0x7f, 0xff, 0xff, 0xff, 0xff, 0xff, 0xfe, 0x7f, 0xff, 0xff, 0xff, 0xff, 0xff, 0xfe, 0x7f, 
	0xff, 0xff, 0xff, 0xff, 0xff, 0xfe, 0x7f, 0xff, 0xff, 0xff, 0xff, 0xff, 0xfe, 0x7f, 0xff, 0xff, 
	0xff, 0xff, 0xff, 0xfe, 0x7f, 0xff, 0xff, 0xff, 0xff, 0xff, 0xfe, 0x7f, 0xff, 0xff, 0xff, 0xff, 
	0xff, 0xde, 0x7f, 0xff, 0xcf, 0xff, 0xf3, 0xff, 0x8e, 0x7f, 0xff, 0x87, 0xff, 0xe1, 0xff, 0x06, 
	0x7f, 0xff, 0x03, 0xff, 0xc0, 0xff, 0x06, 0x7f, 0xfe, 0x01, 0xff, 0x80, 0x7f, 0x8e, 0x7f, 0xfc, 
	0x00, 0xff, 0x00, 0x3f, 0xde, 0x7f, 0xfc, 0x00, 0xff, 0x00, 0x3f, 0xfe, 0x7f, 0xfe, 0x01, 0xff, 
	0x80, 0x7f, 0x8e, 0x7f, 0xff, 0x03, 0xff, 0xc0, 0xff, 0x76, 0x7f, 0xff, 0x87, 0xff, 0xe1, 0xff, 
	0x76, 0x7f, 0xff, 0xcf, 0xff, 0xf3, 0xff, 0x8e, 0x7f, 0xff, 0xff, 0xff, 0xff, 0xff, 0x76, 0x7f, 
	0xff, 0xff, 0xff, 0xff, 0xff, 0x76, 0x7f, 0xff, 0xff, 0xff, 0xff, 0xff, 0x8e, 0x7f, 0xff, 0xff, 
	0xff, 0xff, 0xff, 0xfe, 0x7f, 0xff, 0xff, 0xff, 0xff, 0xff, 0xfe, 0x3f, 0xff, 0xff, 0xff, 0xff, 
	0xff, 0xfc, 0x1f, 0xff, 0xff, 0xff, 0xff, 0xff, 0xf8, 0x00, 0x00, 0x00, 0x00, 0x00, 0x00, 0x00
};
// '08_heart', 56x80px
const unsigned char epd_bitmap_08_heart [] PROGMEM = {
	0x00, 0x00, 0x00, 0x00, 0x00, 0x00, 0x00, 0x1f, 0xff, 0xff, 0xff, 0xff, 0xff, 0xf8, 0x3f, 0xff, 
	0xff, 0xff, 0xff, 0xff, 0xfc, 0x7f, 0xff, 0xff, 0xff, 0xff, 0xff, 0xfe, 0x71, 0xff, 0xff, 0xff, 
	0xff, 0xff, 0xfe, 0x6e, 0xff, 0xff, 0xff, 0xff, 0xff, 0xfe, 0x6e, 0xff, 0xff, 0xff, 0xff, 0xff, 
	0xfe, 0x71, 0xff, 0xff, 0xff, 0xff, 0xff, 0xfe, 0x6e, 0xff, 0xff, 0xff, 0xff, 0xff, 0xfe, 0x6e, 
	0xfe, 0x31, 0xff, 0x8c, 0x7f, 0xfe, 0x71, 0xfc, 0x00, 0xff, 0x00, 0x3f, 0xfe, 0x7f, 0xfc, 0x00, 
	0xff, 0x00, 0x3f, 0xfe, 0x64, 0xfc, 0x00, 0xff, 0x00, 0x3f, 0xfe, 0x60, 0xfe, 0x01, 0xff, 0x80, 
	0x7f, 0xfe, 0x60, 0xff, 0x03, 0xff, 0xc0, 0xff, 0xfe, 0x60, 0xff, 0x87, 0xff, 0xe1, 0xff, 0xfe, 
	0x71, 0xff, 0xcf, 0xff, 0xf3, 0xff, 0xfe, 0x7b, 0xff, 0xff, 0xff, 0xff, 0xff, 0xfe, 0x7f, 0xff, 
	0xff, 0xff, 0xff, 0xff, 0xfe, 0x7f, 0xff, 0xff, 0xff, 0xff, 0xff, 0xfe, 0x7f, 0xff, 0xff, 0xff, 
	0xff, 0xff, 0xfe, 0x7f, 0xff, 0xff, 0xff, 0xff, 0xff, 0xfe, 0x7f, 0xff, 0xff, 0xff, 0xff, 0xff, 
	0xfe, 0x7f, 0xff, 0xff, 0xff, 0xff, 0xff, 0xfe, 0x7f, 0xff, 0xff, 0xff, 0xff, 0xff, 0xfe, 0x7f, 
	0xff, 0xff, 0xff, 0xff, 0xff, 0xfe, 0x7f, 0xff, 0xff, 0xff, 0xff, 0xff, 0xfe, 0x7f, 0xfe, 0x31, 
	0xff, 0x8c, 0x7f, 0xfe, 0x7f, 0xfc, 0x00, 0xff, 0x00, 0x3f, 0xfe, 0x7f, 0xfc, 0x00, 0xff, 0x00, 
	0x3f, 0xfe, 0x7f, 0xfc, 0x00, 0xff, 0x00, 0x3f, 0xfe, 0x7f, 0xfe, 0x01, 0xff, 0x80, 0x7f, 0xfe, 
	0x7f, 0xff, 0x03, 0xff, 0xc0, 0xff, 0xfe, 0x7f, 0xff, 0x87, 0xff, 0xe1, 0xff, 0xfe, 0x7f, 0xff, 
	0xcf, 0xff, 0xf3, 0xff, 0xfe, 0x7f, 0xff, 0xff, 0xff, 0xff, 0xff, 0xfe, 0x7f, 0xff, 0xff, 0xff, 
	0xff, 0xff, 0xfe, 0x7f, 0xff, 0xff, 0xff, 0xff, 0xff, 0xfe, 0x7f, 0xff, 0xff, 0xff, 0xff, 0xff, 
	0xfe, 0x7f, 0xff, 0xff, 0xff, 0xff, 0xff, 0xfe, 0x7f, 0xff, 0xff, 0xff, 0xff, 0xff, 0xfe, 0x7f, 
	0xff, 0xff, 0xff, 0xff, 0xff, 0xfe, 0x7f, 0xff, 0xff, 0xff, 0xff, 0xff, 0xfe, 0x7f, 0xff, 0xff, 
	0xff, 0xff, 0xff, 0xfe, 0x7f, 0xff, 0xff, 0xff, 0xff, 0xff, 0xfe, 0x7f, 0xff, 0xcf, 0xff, 0xf3, 
	0xff, 0xfe, 0x7f, 0xff, 0x87, 0xff, 0xe1, 0xff, 0xfe, 0x7f, 0xff, 0x03, 0xff, 0xc0, 0xff, 0xfe, 
	0x7f, 0xfe, 0x01, 0xff, 0x80, 0x7f, 0xfe, 0x7f, 0xfc, 0x00, 0xff, 0x00, 0x3f, 0xfe, 0x7f, 0xfc, 
	0x00, 0xff, 0x00, 0x3f, 0xfe, 0x7f, 0xfc, 0x00, 0xff, 0x00, 0x3f, 0xfe, 0x7f, 0xfe, 0x31, 0xff, 
	0x8c, 0x7f, 0xfe, 0x7f, 0xff, 0xff, 0xff, 0xff, 0xff, 0xfe, 0x7f, 0xff, 0xff, 0xff, 0xff, 0xff, 
	0xfe, 0x7f, 0xff, 0xff, 0xff, 0xff, 0xff, 0xfe, 0x7f, 0xff, 0xff, 0xff, 0xff, 0xff, 0xfe, 0x7f, 
	0xff, 0xff, 0xff, 0xff, 0xff, 0xfe, 0x7f, 0xff, 0xff, 0xff, 0xff, 0xff, 0xfe, 0x7f, 0xff, 0xff, 
	0xff, 0xff, 0xff, 0xfe, 0x7f, 0xff, 0xff, 0xff, 0xff, 0xff, 0xfe, 0x7f, 0xff, 0xff, 0xff, 0xff, 
	0xff, 0xde, 0x7f, 0xff, 0xff, 0xff, 0xff, 0xff, 0x8e, 0x7f, 0xff, 0xcf, 0xff, 0xf3, 0xff, 0x06, 
	0x7f, 0xff, 0x87, 0xff, 0xe1, 0xff, 0x06, 0x7f, 0xff, 0x03, 0xff, 0xc0, 0xff, 0x06, 0x7f, 0xfe, 
	0x01, 0xff, 0x80, 0x7f, 0x26, 0x7f, 0xfc, 0x00, 0xff, 0x00, 0x3f, 0xfe, 0x7f, 0xfc, 0x00, 0xff, 
	0x00, 0x3f, 0x8e, 0x7f, 0xfc, 0x00, 0xff, 0x00, 0x3f, 0x76, 0x7f, 0xfe, 0x31, 0xff, 0x8c, 0x7f, 
	0x76, 0x7f, 0xff, 0xff, 0xff, 0xff, 0xff, 0x8e, 0x7f, 0xff, 0xff, 0xff, 0xff, 0xff, 0x76, 0x7f, 
	0xff, 0xff, 0xff, 0xff, 0xff, 0x76, 0x7f, 0xff, 0xff, 0xff, 0xff, 0xff, 0x8e, 0x7f, 0xff, 0xff, 
	0xff, 0xff, 0xff, 0xfe, 0x7f, 0xff, 0xff, 0xff, 0xff, 0xff, 0xfe, 0x3f, 0xff, 0xff, 0xff, 0xff, 
	0xff, 0xfc, 0x1f, 0xff, 0xff, 0xff, 0xff, 0xff, 0xf8, 0x00, 0x00, 0x00, 0x00, 0x00, 0x00, 0x00
};
// '08_spade', 56x80px
const unsigned char epd_bitmap_08_spade [] PROGMEM = {
	0x00, 0x00, 0x00, 0x00, 0x00, 0x00, 0x00, 0x1f, 0xff, 0xff, 0xff, 0xff, 0xff, 0xf8, 0x3f, 0xff, 
	0xff, 0xff, 0xff, 0xff, 0xfc, 0x7f, 0xff, 0xff, 0xff, 0xff, 0xff, 0xfe, 0x71, 0xff, 0xff, 0xff, 
	0xff, 0xff, 0xfe, 0x6e, 0xff, 0xff, 0xff, 0xff, 0xff, 0xfe, 0x6e, 0xff, 0xff, 0xff, 0xff, 0xff, 
	0xfe, 0x71, 0xff, 0xff, 0xff, 0xff, 0xff, 0xfe, 0x6e, 0xff, 0xcf, 0xff, 0xf3, 0xff, 0xfe, 0x6e, 
	0xff, 0x87, 0xff, 0xe1, 0xff, 0xfe, 0x71, 0xff, 0x03, 0xff, 0xc0, 0xff, 0xfe, 0x7f, 0xfe, 0x01, 
	0xff, 0x80, 0x7f, 0xfe, 0x7b, 0xfc, 0x00, 0xff, 0x00, 0x3f, 0xfe, 0x71, 0xfc, 0x00, 0xff, 0x00, 
	0x3f, 0xfe, 0x60, 0xfc, 0x00, 0xff, 0x00, 0x3f, 0xfe, 0x60, 0xfe, 0x49, 0xff, 0x92, 0x7f, 0xfe, 
	0x7b, 0xff, 0xcf, 0xff, 0xf3, 0xff, 0xfe, 0x71, 0xff, 0x03, 0xff, 0xc0, 0xff, 0xfe, 0x7f, 0xff, 
	0xff, 0xff, 0xff, 0xff, 0xfe, 0x7f, 0xff, 0xff, 0xff, 0xff, 0xff, 0xfe, 0x7f, 0xff, 0xff, 0xff, 
	0xff, 0xff, 0xfe, 0x7f, 0xff, 0xff, 0xff, 0xff, 0xff, 0xfe, 0x7f, 0xff, 0xff, 0xff, 0xff, 0xff, 
	0xfe, 0x7f, 0xff, 0xff, 0xff, 0xff, 0xff, 0xfe, 0x7f, 0xff, 0xff, 0xff, 0xff, 0xff, 0xfe, 0x7f, 
	0xff, 0xff, 0xff, 0xff, 0xff, 0xfe, 0x7f, 0xff, 0xcf, 0xff, 0xf3, 0xff, 0xfe, 0x7f, 0xff, 0x87, 
	0xff, 0xe1, 0xff, 0xfe, 0x7f, 0xff, 0x03, 0xff, 0xc0, 0xff, 0xfe, 0x7f, 0xfe, 0x01, 0xff, 0x80, 
	0x7f, 0xfe, 0x7f, 0xfc, 0x00, 0xff, 0x00, 0x3f, 0xfe, 0x7f, 0xfc, 0x00, 0xff, 0x00, 0x3f, 0xfe, 
	0x7f, 0xfc, 0x00, 0xff, 0x00, 0x3f, 0xfe, 0x7f, 0xfe, 0x49, 0xff, 0x92, 0x7f, 0xfe, 0x7f, 0xff, 
	0xcf, 0xff, 0xf3, 0xff, 0xfe, 0x7f, 0xff, 0x03, 0xff, 0xc0, 0xff, 0xfe, 0x7f, 0xff, 0xff, 0xff, 
	0xff, 0xff, 0xfe, 0x7f, 0xff, 0xff, 0xff, 0xff, 0xff, 0xfe, 0x7f, 0xff, 0xff, 0xff, 0xff, 0xff, 
	0xfe, 0x7f, 0xff, 0xff, 0xff, 0xff, 0xff, 0xfe, 0x7f, 0xff, 0xff, 0xff, 0xff, 0xff, 0xfe, 0x7f, 
	0xff, 0xff, 0xff, 0xff, 0xff, 0xfe, 0x7f, 0xff, 0xff, 0xff, 0xff, 0xff, 0xfe, 0x7f, 0xff, 0xff, 
	0xff, 0xff, 0xff, 0xfe, 0x7f, 0xff, 0x03, 0xff, 0xc0, 0xff, 0xfe, 0x7f, 0xff, 0xcf, 0xff, 0xf3, 
	0xff, 0xfe, 0x7f, 0xfe, 0x49, 0xff, 0x92, 0x7f, 0xfe, 0x7f, 0xfe, 0x00, 0xff, 0x00, 0x3f, 0xfe, 
	0x7f, 0xfc, 0x00, 0xff, 0x00, 0x3f, 0xfe, 0x7f, 0xfc, 0x00, 0xff, 0x00, 0x3f, 0xfe, 0x7f, 0xfc, 
	0x01, 0xff, 0x80, 0x7f, 0xfe, 0x7f, 0xff, 0x03, 0xff, 0xc0, 0xff, 0xfe, 0x7f, 0xff, 0x87, 0xff, 
	0xe1, 0xff, 0xfe, 0x7f, 0xff, 0xcf, 0xff, 0xf3, 0xff, 0xfe, 0x7f, 0xff, 0xff, 0xff, 0xff, 0xff, 
	0xfe, 0x7f, 0xff, 0xff, 0xff, 0xff, 0xff, 0xfe, 0x7f, 0xff, 0xff, 0xff, 0xff, 0xff, 0xfe, 0x7f, 
	0xff, 0xff, 0xff, 0xff, 0xff, 0xfe, 0x7f, 0xff, 0xff, 0xff, 0xff, 0xff, 0xfe, 0x7f, 0xff, 0xff, 
	0xff, 0xff, 0xff, 0xfe, 0x7f, 0xff, 0xff, 0xff, 0xff, 0xff, 0xfe, 0x7f, 0xff, 0xff, 0xff, 0xff, 
	0xff, 0x8e, 0x7f, 0xff, 0x03, 0xff, 0xc0, 0xff, 0xde, 0x7f, 0xff, 0xcf, 0xff, 0xf3, 0xff, 0x06, 
	0x7f, 0xfe, 0x49, 0xff, 0x92, 0x7f, 0x06, 0x7f, 0xfc, 0x00, 0xff, 0x00, 0x3f, 0x8e, 0x7f, 0xfc, 
	0x00, 0xff, 0x00, 0x3f, 0xde, 0x7f, 0xfc, 0x00, 0xff, 0x00, 0x3f, 0xfe, 0x7f, 0xfe, 0x01, 0xff, 
	0x80, 0x7f, 0x8e, 0x7f, 0xff, 0x03, 0xff, 0xc0, 0xff, 0x76, 0x7f, 0xff, 0x87, 0xff, 0xe1, 0xff, 
	0x76, 0x7f, 0xff, 0xcf, 0xff, 0xf3, 0xff, 0x8e, 0x7f, 0xff, 0xff, 0xff, 0xff, 0xff, 0x76, 0x7f, 
	0xff, 0xff, 0xff, 0xff, 0xff, 0x76, 0x7f, 0xff, 0xff, 0xff, 0xff, 0xff, 0x8e, 0x7f, 0xff, 0xff, 
	0xff, 0xff, 0xff, 0xfe, 0x7f, 0xff, 0xff, 0xff, 0xff, 0xff, 0xfe, 0x3f, 0xff, 0xff, 0xff, 0xff, 
	0xff, 0xfc, 0x1f, 0xff, 0xff, 0xff, 0xff, 0xff, 0xf8, 0x00, 0x00, 0x00, 0x00, 0x00, 0x00, 0x00
};
// '09_clubs', 56x80px
const unsigned char epd_bitmap_09_clubs [] PROGMEM = {
	0x00, 0x00, 0x00, 0x00, 0x00, 0x00, 0x00, 0x1f, 0xff, 0xff, 0xff, 0xff, 0xff, 0xf8, 0x3f, 0xff, 
	0xff, 0xff, 0xff, 0xff, 0xfc, 0x7f, 0xff, 0xff, 0xff, 0xff, 0xff, 0xfe, 0x71, 0xff, 0xff, 0xff, 
	0xff, 0xff, 0xfe, 0x6e, 0xff, 0xff, 0xff, 0xff, 0xff, 0xfe, 0x6e, 0xff, 0xff, 0xff, 0xff, 0xff, 
	0xfe, 0x70, 0xff, 0xff, 0xff, 0xff, 0xff, 0xfe, 0x7e, 0xff, 0xcf, 0xff, 0xf3, 0xff, 0xfe, 0x6e, 
	0xff, 0x87, 0xff, 0xe1, 0xff, 0xfe, 0x71, 0xff, 0x87, 0xff, 0xe1, 0xff, 0xfe, 0x7f, 0xff, 0x87, 
	0xff, 0xe1, 0xff, 0xfe, 0x7b, 0xfe, 0x49, 0xff, 0x92, 0x7f, 0xfe, 0x71, 0xfc, 0x00, 0xff, 0x00, 
	0x3f, 0xfe, 0x64, 0xfc, 0x00, 0xff, 0x00, 0x3f, 0xfe, 0x71, 0xfe, 0x49, 0xff, 0x92, 0x7f, 0xfe, 
	0x7b, 0xff, 0x87, 0xff, 0xe1, 0xff, 0xfe, 0x71, 0xff, 0x03, 0xff, 0xc0, 0xff, 0xfe, 0x7f, 0xff, 
	0xff, 0xff, 0xff, 0xff, 0xfe, 0x7f, 0xff, 0xff, 0xff, 0xff, 0xff, 0xfe, 0x7f, 0xff, 0xff, 0xff, 
	0xff, 0xff, 0xfe, 0x7f, 0xff, 0xff, 0xff, 0xff, 0xff, 0xfe, 0x7f, 0xff, 0xcf, 0xff, 0xf3, 0xff, 
	0xfe, 0x7f, 0xff, 0x87, 0xff, 0xe1, 0xff, 0xfe, 0x7f, 0xff, 0x87, 0xff, 0xe1, 0xff, 0xfe, 0x7f, 
	0xff, 0x87, 0xff, 0xe1, 0xff, 0xfe, 0x7f, 0xfe, 0x49, 0xff, 0x92, 0x7f, 0xfe, 0x7f, 0xfc, 0x00, 
	0xff, 0x00, 0x3f, 0xfe, 0x7f, 0xfc, 0x00, 0xff, 0x00, 0x3f, 0xfe, 0x7f, 0xfe, 0x49, 0xff, 0x92, 
	0x7f, 0xfe, 0x7f, 0xff, 0x87, 0xff, 0xe1, 0xff, 0xfe, 0x7f, 0xff, 0x03, 0xff, 0xc0, 0xff, 0xfe, 
	0x7f, 0xff, 0xff, 0xff, 0xff, 0xff, 0xfe, 0x7f, 0xff, 0xff, 0xff, 0xff, 0xff, 0xfe, 0x7f, 0xff, 
	0xff, 0xe7, 0xff, 0xff, 0xfe, 0x7f, 0xff, 0xff, 0xc3, 0xff, 0xff, 0xfe, 0x7f, 0xff, 0xff, 0xc3, 
	0xff, 0xff, 0xfe, 0x7f, 0xff, 0xff, 0xc3, 0xff, 0xff, 0xfe, 0x7f, 0xff, 0xff, 0x24, 0xff, 0xff, 
	0xfe, 0x7f, 0xff, 0xfe, 0x00, 0x7f, 0xff, 0xfe, 0x7f, 0xff, 0xfe, 0x00, 0x7f, 0xff, 0xfe, 0x7f, 
	0xff, 0xff, 0x24, 0xff, 0xff, 0xfe, 0x7f, 0xff, 0xff, 0xc3, 0xff, 0xff, 0xfe, 0x7f, 0xff, 0xff, 
	0x81, 0xff, 0xff, 0xfe, 0x7f, 0xff, 0xff, 0xff, 0xff, 0xff, 0xfe, 0x7f, 0xff, 0xff, 0xff, 0xff, 
	0xff, 0xfe, 0x7f, 0xff, 0xff, 0xff, 0xff, 0xff, 0xfe, 0x7f, 0xff, 0xff, 0xff, 0xff, 0xff, 0xfe, 
	0x7f, 0xff, 0x03, 0xff, 0xc0, 0xff, 0xfe, 0x7f, 0xff, 0x87, 0xff, 0xe1, 0xff, 0xfe, 0x7f, 0xfe, 
	0x49, 0xff, 0x92, 0x7f, 0xfe, 0x7f, 0xfc, 0x00, 0xff, 0x00, 0x3f, 0xfe, 0x7f, 0xfc, 0x00, 0xff, 
	0x00, 0x3f, 0xfe, 0x7f, 0xfe, 0x49, 0xff, 0x92, 0x7f, 0xfe, 0x7f, 0xff, 0x87, 0xff, 0xe1, 0xff, 
	0xfe, 0x7f, 0xff, 0x87, 0xff, 0xe1, 0xff, 0xfe, 0x7f, 0xff, 0x87, 0xff, 0xe1, 0xff, 0xfe, 0x7f, 
	0xff, 0xcf, 0xff, 0xf3, 0xff, 0xfe, 0x7f, 0xff, 0xff, 0xff, 0xff, 0xff, 0xfe, 0x7f, 0xff, 0xff, 
	0xff, 0xff, 0xff, 0xfe, 0x7f, 0xff, 0xff, 0xff, 0xff, 0xff, 0xfe, 0x7f, 0xff, 0xff, 0xff, 0xff, 
	0xff, 0x8e, 0x7f, 0xff, 0x03, 0xff, 0xc0, 0xff, 0xde, 0x7f, 0xff, 0x87, 0xff, 0xe1, 0xff, 0x8e, 
	0x7f, 0xfe, 0x49, 0xff, 0x92, 0x7f, 0x26, 0x7f, 0xfc, 0x00, 0xff, 0x00, 0x3f, 0x8e, 0x7f, 0xfc, 
	0x00, 0xff, 0x00, 0x3f, 0xde, 0x7f, 0xfe, 0x49, 0xff, 0x92, 0x7f, 0xfe, 0x7f, 0xff, 0x87, 0xff, 
	0xe1, 0xff, 0x8e, 0x7f, 0xff, 0x87, 0xff, 0xe1, 0xff, 0x76, 0x7f, 0xff, 0x87, 0xff, 0xe1, 0xff, 
	0x7e, 0x7f, 0xff, 0xcf, 0xff, 0xf3, 0xff, 0x0e, 0x7f, 0xff, 0xff, 0xff, 0xff, 0xff, 0x76, 0x7f, 
	0xff, 0xff, 0xff, 0xff, 0xff, 0x76, 0x7f, 0xff, 0xff, 0xff, 0xff, 0xff, 0x8e, 0x7f, 0xff, 0xff, 
	0xff, 0xff, 0xff, 0xfe, 0x7f, 0xff, 0xff, 0xff, 0xff, 0xff, 0xfe, 0x3f, 0xff, 0xff, 0xff, 0xff, 
	0xff, 0xfc, 0x1f, 0xff, 0xff, 0xff, 0xff, 0xff, 0xf8, 0x00, 0x00, 0x00, 0x00, 0x00, 0x00, 0x00
};
// '09_diamond', 56x80px
const unsigned char epd_bitmap_09_diamond [] PROGMEM = {
	0x00, 0x00, 0x00, 0x00, 0x00, 0x00, 0x00, 0x1f, 0xff, 0xff, 0xff, 0xff, 0xff, 0xf8, 0x3f, 0xff, 
	0xff, 0xff, 0xff, 0xff, 0xfc, 0x7f, 0xff, 0xff, 0xff, 0xff, 0xff, 0xfe, 0x71, 0xff, 0xff, 0xff, 
	0xff, 0xff, 0xfe, 0x6e, 0xff, 0xff, 0xff, 0xff, 0xff, 0xfe, 0x6e, 0xff, 0xff, 0xff, 0xff, 0xff, 
	0xfe, 0x70, 0xff, 0xff, 0xff, 0xff, 0xff, 0xfe, 0x7e, 0xff, 0xcf, 0xff, 0xf3, 0xff, 0xfe, 0x6e, 
	0xff, 0x87, 0xff, 0xe1, 0xff, 0xfe, 0x71, 0xff, 0x03, 0xff, 0xc0, 0xff, 0xfe, 0x7f, 0xfe, 0x01, 
	0xff, 0x80, 0x7f, 0xfe, 0x7b, 0xfc, 0x00, 0xff, 0x00, 0x3f, 0xfe, 0x71, 0xfc, 0x00, 0xff, 0x00, 
	0x3f, 0xfe, 0x60, 0xfe, 0x01, 0xff, 0x80, 0x7f, 0xfe, 0x60, 0xff, 0x03, 0xff, 0xc0, 0xff, 0xfe, 
	0x71, 0xff, 0x87, 0xff, 0xe1, 0xff, 0xfe, 0x7b, 0xff, 0xcf, 0xff, 0xf3, 0xff, 0xfe, 0x7f, 0xff, 
	0xff, 0xff, 0xff, 0xff, 0xfe, 0x7f, 0xff, 0xff, 0xff, 0xff, 0xff, 0xfe, 0x7f, 0xff, 0xff, 0xff, 
	0xff, 0xff, 0xfe, 0x7f, 0xff, 0xff, 0xff, 0xff, 0xff, 0xfe, 0x7f, 0xff, 0xcf, 0xff, 0xf3, 0xff, 
	0xfe, 0x7f, 0xff, 0x87, 0xff, 0xe1, 0xff, 0xfe, 0x7f, 0xff, 0x03, 0xff, 0xc0, 0xff, 0xfe, 0x7f, 
	0xfe, 0x01, 0xff, 0x80, 0x7f, 0xfe, 0x7f, 0xfc, 0x00, 0xff, 0x00, 0x3f, 0xfe, 0x7f, 0xfc, 0x00, 
	0xff, 0x00, 0x3f, 0xfe, 0x7f, 0xfe, 0x01, 0xff, 0x80, 0x7f, 0xfe, 0x7f, 0xff, 0x03, 0xff, 0xc0, 
	0xff, 0xfe, 0x7f, 0xff, 0x87, 0xff, 0xe1, 0xff, 0xfe, 0x7f, 0xff, 0xcf, 0xff, 0xf3, 0xff, 0xfe, 
	0x7f, 0xff, 0xff, 0xff, 0xff, 0xff, 0xfe, 0x7f, 0xff, 0xff, 0xff, 0xff, 0xff, 0xfe, 0x7f, 0xff, 
	0xff, 0xe7, 0xff, 0xff, 0xfe, 0x7f, 0xff, 0xff, 0xc3, 0xff, 0xff, 0xfe, 0x7f, 0xff, 0xff, 0x81, 
	0xff, 0xff, 0xfe, 0x7f, 0xff, 0xff, 0x00, 0xff, 0xff, 0xfe, 0x7f, 0xff, 0xfe, 0x00, 0x7f, 0xff, 
	0xfe, 0x7f, 0xff, 0xfe, 0x00, 0x7f, 0xff, 0xfe, 0x7f, 0xff, 0xff, 0x00, 0xff, 0xff, 0xfe, 0x7f, 
	0xff, 0xff, 0x81, 0xff, 0xff, 0xfe, 0x7f, 0xff, 0xff, 0xc3, 0xff, 0xff, 0xfe, 0x7f, 0xff, 0xff, 
	0xe7, 0xff, 0xff, 0xfe, 0x7f, 0xff, 0xff, 0xff, 0xff, 0xff, 0xfe, 0x7f, 0xff, 0xff, 0xff, 0xff, 
	0xff, 0xfe, 0x7f, 0xff, 0xff, 0xff, 0xff, 0xff, 0xfe, 0x7f, 0xff, 0xff, 0xff, 0xff, 0xff, 0xfe, 
	0x7f, 0xff, 0xcf, 0xff, 0xf3, 0xff, 0xfe, 0x7f, 0xff, 0x87, 0xff, 0xe1, 0xff, 0xfe, 0x7f, 0xff, 
	0x03, 0xff, 0xc0, 0xff, 0xfe, 0x7f, 0xfe, 0x01, 0xff, 0x80, 0x7f, 0xfe, 0x7f, 0xfc, 0x00, 0xff, 
	0x00, 0x3f, 0xfe, 0x7f, 0xfc, 0x00, 0xff, 0x00, 0x3f, 0xfe, 0x7f, 0xfe, 0x01, 0xff, 0x80, 0x7f, 
	0xfe, 0x7f, 0xff, 0x03, 0xff, 0xc0, 0xff, 0xfe, 0x7f, 0xff, 0x87, 0xff, 0xe1, 0xff, 0xfe, 0x7f, 
	0xff, 0xcf, 0xff, 0xf3, 0xff, 0xfe, 0x7f, 0xff, 0xff, 0xff, 0xff, 0xff, 0xfe, 0x7f, 0xff, 0xff, 
	0xff, 0xff, 0xff, 0xfe, 0x7f, 0xff, 0xff, 0xff, 0xff, 0xff, 0xfe, 0x7f, 0xff, 0xff, 0xff, 0xff, 
	0xff, 0xde, 0x7f, 0xff, 0xcf, 0xff, 0xf3, 0xff, 0x8e, 0x7f, 0xff, 0x87, 0xff, 0xe1, 0xff, 0x06, 
	0x7f, 0xff, 0x03, 0xff, 0xc0, 0xff, 0x06, 0x7f, 0xfe, 0x01, 0xff, 0x80, 0x7f, 0x8e, 0x7f, 0xfc, 
	0x00, 0xff, 0x00, 0x3f, 0xde, 0x7f, 0xfc, 0x00, 0xff, 0x00, 0x3f, 0xfe, 0x7f, 0xfe, 0x01, 0xff, 
	0x80, 0x7f, 0x8e, 0x7f, 0xff, 0x03, 0xff, 0xc0, 0xff, 0x76, 0x7f, 0xff, 0x87, 0xff, 0xe1, 0xff, 
	0x7e, 0x7f, 0xff, 0xcf, 0xff, 0xf3, 0xff, 0x0e, 0x7f, 0xff, 0xff, 0xff, 0xff, 0xff, 0x76, 0x7f, 
	0xff, 0xff, 0xff, 0xff, 0xff, 0x76, 0x7f, 0xff, 0xff, 0xff, 0xff, 0xff, 0x8e, 0x7f, 0xff, 0xff, 
	0xff, 0xff, 0xff, 0xfe, 0x7f, 0xff, 0xff, 0xff, 0xff, 0xff, 0xfe, 0x3f, 0xff, 0xff, 0xff, 0xff, 
	0xff, 0xfc, 0x1f, 0xff, 0xff, 0xff, 0xff, 0xff, 0xf8, 0x00, 0x00, 0x00, 0x00, 0x00, 0x00, 0x00
};
// '09_heart', 56x80px
const unsigned char epd_bitmap_09_heart [] PROGMEM = {
	0x00, 0x00, 0x00, 0x00, 0x00, 0x00, 0x00, 0x1f, 0xff, 0xff, 0xff, 0xff, 0xff, 0xf8, 0x3f, 0xff, 
	0xff, 0xff, 0xff, 0xff, 0xfc, 0x7f, 0xff, 0xff, 0xff, 0xff, 0xff, 0xfe, 0x71, 0xff, 0xff, 0xff, 
	0xff, 0xff, 0xfe, 0x6e, 0xff, 0xff, 0xff, 0xff, 0xff, 0xfe, 0x6e, 0xff, 0xff, 0xff, 0xff, 0xff, 
	0xfe, 0x70, 0xff, 0xff, 0xff, 0xff, 0xff, 0xfe, 0x7e, 0xff, 0xff, 0xff, 0xff, 0xff, 0xfe, 0x6e, 
	0xfe, 0x31, 0xff, 0x8c, 0x7f, 0xfe, 0x71, 0xfc, 0x00, 0xff, 0x00, 0x3f, 0xfe, 0x7f, 0xfc, 0x00, 
	0xff, 0x00, 0x3f, 0xfe, 0x64, 0xfc, 0x00, 0xff, 0x00, 0x3f, 0xfe, 0x60, 0xfe, 0x01, 0xff, 0x80, 
	0x7f, 0xfe, 0x60, 0xff, 0x03, 0xff, 0xc0, 0xff, 0xfe, 0x60, 0xff, 0x87, 0xff, 0xe1, 0xff, 0xfe, 
	0x71, 0xff, 0xcf, 0xff, 0xf3, 0xff, 0xfe, 0x7b, 0xff, 0xff, 0xff, 0xff, 0xff, 0xfe, 0x7f, 0xff, 
	0xff, 0xff, 0xff, 0xff, 0xfe, 0x7f, 0xff, 0xff, 0xff, 0xff, 0xff, 0xfe, 0x7f, 0xff, 0xff, 0xff, 
	0xff, 0xff, 0xfe, 0x7f, 0xff, 0xff, 0xff, 0xff, 0xff, 0xfe, 0x7f, 0xff, 0xff, 0xff, 0xff, 0xff, 
	0xfe, 0x7f, 0xfe, 0x31, 0xff, 0x8c, 0x7f, 0xfe, 0x7f, 0xfc, 0x00, 0xff, 0x00, 0x3f, 0xfe, 0x7f, 
	0xfc, 0x00, 0xff, 0x00, 0x3f, 0xfe, 0x7f, 0xfc, 0x00, 0xff, 0x00, 0x3f, 0xfe, 0x7f, 0xfe, 0x01, 
	0xff, 0x80, 0x7f, 0xfe, 0x7f, 0xff, 0x03, 0xff, 0xc0, 0xff, 0xfe, 0x7f, 0xff, 0x87, 0xff, 0xe1, 
	0xff, 0xfe, 0x7f, 0xff, 0xcf, 0xff, 0xf3, 0xff, 0xfe, 0x7f, 0xff, 0xff, 0xff, 0xff, 0xff, 0xfe, 
	0x7f, 0xff, 0xff, 0xff, 0xff, 0xff, 0xfe, 0x7f, 0xff, 0xff, 0xff, 0xff, 0xff, 0xfe, 0x7f, 0xff, 
	0xff, 0xff, 0xff, 0xff, 0xfe, 0x7f, 0xff, 0xff, 0x18, 0xff, 0xff, 0xfe, 0x7f, 0xff, 0xfe, 0x00, 
	0x7f, 0xff, 0xfe, 0x7f, 0xff, 0xfe, 0x00, 0x7f, 0xff, 0xfe, 0x7f, 0xff, 0xfe, 0x00, 0x7f, 0xff, 
	0xfe, 0x7f, 0xff, 0xff, 0x00, 0xff, 0xff, 0xfe, 0x7f, 0xff, 0xff, 0x00, 0xff, 0xff, 0xfe, 0x7f, 
	0xff, 0xff, 0x81, 0xff, 0xff, 0xfe, 0x7f, 0xff, 0xff, 0xc3, 0xff, 0xff, 0xfe, 0x7f, 0xff, 0xff, 
	0xe7, 0xff, 0xff, 0xfe, 0x7f, 0xff, 0xff, 0xff, 0xff, 0xff, 0xfe, 0x7f, 0xff, 0xff, 0xff, 0xff, 
	0xff, 0xfe, 0x7f, 0xff, 0xff, 0xff, 0xff, 0xff, 0xfe, 0x7f, 0xff, 0xff, 0xff, 0xff, 0xff, 0xfe, 
	0x7f, 0xff, 0xff, 0xff, 0xff, 0xff, 0xfe, 0x7f, 0xff, 0xcf, 0xff, 0xf3, 0xff, 0xfe, 0x7f, 0xff, 
	0x87, 0xff, 0xe1, 0xff, 0xfe, 0x7f, 0xff, 0x03, 0xff, 0xc0, 0xff, 0xfe, 0x7f, 0xfe, 0x01, 0xff, 
	0x80, 0x7f, 0xfe, 0x7f, 0xfc, 0x00, 0xff, 0x00, 0x3f, 0xfe, 0x7f, 0xfc, 0x00, 0xff, 0x00, 0x3f, 
	0xfe, 0x7f, 0xfc, 0x00, 0xff, 0x00, 0x3f, 0xfe, 0x7f, 0xfe, 0x31, 0xff, 0x8c, 0x7f, 0xfe, 0x7f, 
	0xff, 0xff, 0xff, 0xff, 0xff, 0xfe, 0x7f, 0xff, 0xff, 0xff, 0xff, 0xff, 0xfe, 0x7f, 0xff, 0xff, 
	0xff, 0xff, 0xff, 0xfe, 0x7f, 0xff, 0xff, 0xff, 0xff, 0xff, 0xfe, 0x7f, 0xff, 0xff, 0xff, 0xff, 
	0xff, 0xde, 0x7f, 0xff, 0xff, 0xff, 0xff, 0xff, 0x8e, 0x7f, 0xff, 0xcf, 0xff, 0xf3, 0xff, 0x06, 
	0x7f, 0xff, 0x87, 0xff, 0xe1, 0xff, 0x06, 0x7f, 0xff, 0x03, 0xff, 0xc0, 0xff, 0x06, 0x7f, 0xfe, 
	0x01, 0xff, 0x80, 0x7f, 0x26, 0x7f, 0xfc, 0x00, 0xff, 0x00, 0x3f, 0xfe, 0x7f, 0xfc, 0x00, 0xff, 
	0x00, 0x3f, 0x8e, 0x7f, 0xfc, 0x00, 0xff, 0x00, 0x3f, 0x76, 0x7f, 0xfe, 0x31, 0xff, 0x8c, 0x7f, 
	0x7e, 0x7f, 0xff, 0xff, 0xff, 0xff, 0xff, 0x0e, 0x7f, 0xff, 0xff, 0xff, 0xff, 0xff, 0x76, 0x7f, 
	0xff, 0xff, 0xff, 0xff, 0xff, 0x76, 0x7f, 0xff, 0xff, 0xff, 0xff, 0xff, 0x8e, 0x7f, 0xff, 0xff, 
	0xff, 0xff, 0xff, 0xfe, 0x7f, 0xff, 0xff, 0xff, 0xff, 0xff, 0xfe, 0x3f, 0xff, 0xff, 0xff, 0xff, 
	0xff, 0xfc, 0x1f, 0xff, 0xff, 0xff, 0xff, 0xff, 0xf8, 0x00, 0x00, 0x00, 0x00, 0x00, 0x00, 0x00
};
// '09_spade', 56x80px
const unsigned char epd_bitmap_09_spade [] PROGMEM = {
	0x00, 0x00, 0x00, 0x00, 0x00, 0x00, 0x00, 0x1f, 0xff, 0xff, 0xff, 0xff, 0xff, 0xf8, 0x3f, 0xff, 
	0xff, 0xff, 0xff, 0xff, 0xfc, 0x7f, 0xff, 0xff, 0xff, 0xff, 0xff, 0xfe, 0x71, 0xff, 0xff, 0xff, 
	0xff, 0xff, 0xfe, 0x6e, 0xff, 0xff, 0xff, 0xff, 0xff, 0xfe, 0x6e, 0xff, 0xff, 0xff, 0xff, 0xff, 
	0xfe, 0x70, 0xff, 0xff, 0xff, 0xff, 0xff, 0xfe, 0x7e, 0xff, 0xcf, 0xff, 0xf3, 0xff, 0xfe, 0x6e, 
	0xff, 0x87, 0xff, 0xe1, 0xff, 0xfe, 0x71, 0xff, 0x03, 0xff, 0xc0, 0xff, 0xfe, 0x7f, 0xfe, 0x01, 
	0xff, 0x80, 0x7f, 0xfe, 0x7b, 0xfc, 0x00, 0xff, 0x00, 0x3f, 0xfe, 0x71, 0xfc, 0x00, 0xff, 0x00, 
	0x3f, 0xfe, 0x60, 0xfc, 0x00, 0xff, 0x00, 0x3f, 0xfe, 0x60, 0xfe, 0x49, 0xff, 0x92, 0x7f, 0xfe, 
	0x7b, 0xff, 0xcf, 0xff, 0xf3, 0xff, 0xfe, 0x71, 0xff, 0x03, 0xff, 0xc0, 0xff, 0xfe, 0x7f, 0xff, 
	0xff, 0xff, 0xff, 0xff, 0xfe, 0x7f, 0xff, 0xff, 0xff, 0xff, 0xff, 0xfe, 0x7f, 0xff, 0xff, 0xff, 
	0xff, 0xff, 0xfe, 0x7f, 0xff, 0xff, 0xff, 0xff, 0xff, 0xfe, 0x7f, 0xff, 0xcf, 0xff, 0xf3, 0xff, 
	0xfe, 0x7f, 0xff, 0x87, 0xff, 0xe1, 0xff, 0xfe, 0x7f, 0xff, 0x03, 0xff, 0xc0, 0xff, 0xfe, 0x7f, 
	0xfe, 0x01, 0xff, 0x80, 0x7f, 0xfe, 0x7f, 0xfc, 0x00, 0xff, 0x00, 0x3f, 0xfe, 0x7f, 0xfc, 0x00, 
	0xff, 0x00, 0x3f, 0xfe, 0x7f, 0xfc, 0x00, 0xff, 0x00, 0x3f, 0xfe, 0x7f, 0xfe, 0x49, 0xff, 0x92, 
	0x7f, 0xfe, 0x7f, 0xff, 0xcf, 0xff, 0xf3, 0xff, 0xfe, 0x7f, 0xff, 0x03, 0xff, 0xc0, 0xff, 0xfe, 
	0x7f, 0xff, 0xff, 0xff, 0xff, 0xff, 0xfe, 0x7f, 0xff, 0xff, 0xff, 0xff, 0xff, 0xfe, 0x7f, 0xff, 
	0xff, 0xe7, 0xff, 0xff, 0xfe, 0x7f, 0xff, 0xff, 0xc3, 0xff, 0xff, 0xfe, 0x7f, 0xff, 0xff, 0x81, 
	0xff, 0xff, 0xfe, 0x7f, 0xff, 0xff, 0x00, 0xff, 0xff, 0xfe, 0x7f, 0xff, 0xfe, 0x00, 0x7f, 0xff, 
	0xfe, 0x7f, 0xff, 0xfe, 0x00, 0x7f, 0xff, 0xfe, 0x7f, 0xff, 0xfe, 0x00, 0x7f, 0xff, 0xfe, 0x7f, 
	0xff, 0xff, 0x24, 0xff, 0xff, 0xfe, 0x7f, 0xff, 0xff, 0xe7, 0xff, 0xff, 0xfe, 0x7f, 0xff, 0xff, 
	0x81, 0xff, 0xff, 0xfe, 0x7f, 0xff, 0xff, 0xff, 0xff, 0xff, 0xfe, 0x7f, 0xff, 0xff, 0xff, 0xff, 
	0xff, 0xfe, 0x7f, 0xff, 0xff, 0xff, 0xff, 0xff, 0xfe, 0x7f, 0xff, 0xff, 0xff, 0xff, 0xff, 0xfe, 
	0x7f, 0xff, 0x03, 0xff, 0xc0, 0xff, 0xfe, 0x7f, 0xff, 0xcf, 0xff, 0xf3, 0xff, 0xfe, 0x7f, 0xfe, 
	0x49, 0xff, 0x92, 0x7f, 0xfe, 0x7f, 0xfc, 0x00, 0xff, 0x00, 0x3f, 0xfe, 0x7f, 0xfc, 0x00, 0xff, 
	0x00, 0x3f, 0xfe, 0x7f, 0xfc, 0x00, 0xff, 0x00, 0x3f, 0xfe, 0x7f, 0xfe, 0x01, 0xff, 0x80, 0x7f, 
	0xfe, 0x7f, 0xff, 0x03, 0xff, 0xc0, 0xff, 0xfe, 0x7f, 0xff, 0x87, 0xff, 0xe1, 0xff, 0xfe, 0x7f, 
	0xff, 0xcf, 0xff, 0xf3, 0xff, 0xfe, 0x7f, 0xff, 0xff, 0xff, 0xff, 0xff, 0xfe, 0x7f, 0xff, 0xff, 
	0xff, 0xff, 0xff, 0xfe, 0x7f, 0xff, 0xff, 0xff, 0xff, 0xff, 0xfe, 0x7f, 0xff, 0xff, 0xff, 0xff, 
	0xff, 0x8e, 0x7f, 0xff, 0x03, 0xff, 0xc0, 0xff, 0xde, 0x7f, 0xff, 0xcf, 0xff, 0xf3, 0xff, 0x06, 
	0x7f, 0xfe, 0x49, 0xff, 0x92, 0x7f, 0x06, 0x7f, 0xfc, 0x00, 0xff, 0x00, 0x3f, 0x8e, 0x7f, 0xfc, 
	0x00, 0xff, 0x00, 0x3f, 0xde, 0x7f, 0xfc, 0x00, 0xff, 0x00, 0x3f, 0xfe, 0x7f, 0xfe, 0x01, 0xff, 
	0x80, 0x7f, 0x8e, 0x7f, 0xff, 0x03, 0xff, 0xc0, 0xff, 0x76, 0x7f, 0xff, 0x87, 0xff, 0xe1, 0xff, 
	0x7e, 0x7f, 0xff, 0xcf, 0xff, 0xf3, 0xff, 0x0e, 0x7f, 0xff, 0xff, 0xff, 0xff, 0xff, 0x76, 0x7f, 
	0xff, 0xff, 0xff, 0xff, 0xff, 0x76, 0x7f, 0xff, 0xff, 0xff, 0xff, 0xff, 0x8e, 0x7f, 0xff, 0xff, 
	0xff, 0xff, 0xff, 0xfe, 0x7f, 0xff, 0xff, 0xff, 0xff, 0xff, 0xfe, 0x3f, 0xff, 0xff, 0xff, 0xff, 
	0xff, 0xfc, 0x1f, 0xff, 0xff, 0xff, 0xff, 0xff, 0xf8, 0x00, 0x00, 0x00, 0x00, 0x00, 0x00, 0x00
};
// '10_clubs', 56x80px
const unsigned char epd_bitmap_10_clubs [] PROGMEM = {
	0x00, 0x00, 0x00, 0x00, 0x00, 0x00, 0x00, 0x1f, 0xff, 0xff, 0xff, 0xff, 0xff, 0xf8, 0x3f, 0xff, 
	0xff, 0xff, 0xff, 0xff, 0xfc, 0x7f, 0xff, 0xff, 0xff, 0xff, 0xff, 0xfe, 0x6c, 0xff, 0xff, 0xff, 
	0xff, 0xff, 0xfe, 0x4b, 0x7f, 0xff, 0xff, 0xff, 0xff, 0xfe, 0x6b, 0x7f, 0xff, 0xff, 0xff, 0xff, 
	0xfe, 0x6b, 0x7f, 0xff, 0xff, 0xff, 0xff, 0xfe, 0x6b, 0x7f, 0xcf, 0xff, 0xf3, 0xff, 0xfe, 0x6b, 
	0x7f, 0x87, 0xff, 0xe1, 0xff, 0xfe, 0x44, 0xff, 0x87, 0xff, 0xe1, 0xff, 0xfe, 0x7f, 0xff, 0x87, 
	0xff, 0xe1, 0xff, 0xfe, 0x7b, 0xfe, 0x49, 0xff, 0x92, 0x7f, 0xfe, 0x71, 0xfc, 0x00, 0xff, 0x00, 
	0x3f, 0xfe, 0x64, 0xfc, 0x00, 0xff, 0x00, 0x3f, 0xfe, 0x71, 0xfe, 0x49, 0xff, 0x92, 0x7f, 0xfe, 
	0x7b, 0xff, 0x87, 0xff, 0xe1, 0xff, 0xfe, 0x71, 0xff, 0x03, 0xff, 0xc0, 0xff, 0xfe, 0x7f, 0xff, 
	0xff, 0xe7, 0xff, 0xff, 0xfe, 0x7f, 0xff, 0xff, 0xc3, 0xff, 0xff, 0xfe, 0x7f, 0xff, 0xff, 0xc3, 
	0xff, 0xff, 0xfe, 0x7f, 0xff, 0xff, 0xc3, 0xff, 0xff, 0xfe, 0x7f, 0xff, 0xff, 0x24, 0xff, 0xff, 
	0xfe, 0x7f, 0xff, 0xfe, 0x00, 0x7f, 0xff, 0xfe, 0x7f, 0xff, 0xfe, 0x00, 0x7f, 0xff, 0xfe, 0x7f, 
	0xff, 0xff, 0x24, 0xff, 0xff, 0xfe, 0x7f, 0xff, 0xff, 0xc3, 0xff, 0xff, 0xfe, 0x7f, 0xff, 0xff, 
	0x81, 0xff, 0xff, 0xfe, 0x7f, 0xff, 0xcf, 0xff, 0xf3, 0xff, 0xfe, 0x7f, 0xff, 0x87, 0xff, 0xe1, 
	0xff, 0xfe, 0x7f, 0xff, 0x87, 0xff, 0xe1, 0xff, 0xfe, 0x7f, 0xff, 0x87, 0xff, 0xe1, 0xff, 0xfe, 
	0x7f, 0xfe, 0x49, 0xff, 0x92, 0x7f, 0xfe, 0x7f, 0xfc, 0x00, 0xff, 0x00, 0x3f, 0xfe, 0x7f, 0xfc, 
	0x00, 0xff, 0x00, 0x3f, 0xfe, 0x7f, 0xfe, 0x49, 0xff, 0x92, 0x7f, 0xfe, 0x7f, 0xff, 0x87, 0xff, 
	0xe1, 0xff, 0xfe, 0x7f, 0xff, 0x03, 0xff, 0xc0, 0xff, 0xfe, 0x7f, 0xff, 0xff, 0xff, 0xff, 0xff, 
	0xfe, 0x7f, 0xff, 0xff, 0xff, 0xff, 0xff, 0xfe, 0x7f, 0xff, 0xff, 0xff, 0xff, 0xff, 0xfe, 0x7f, 
	0xff, 0xff, 0xff, 0xff, 0xff, 0xfe, 0x7f, 0xff, 0x03, 0xff, 0xc0, 0xff, 0xfe, 0x7f, 0xff, 0x87, 
	0xff, 0xe1, 0xff, 0xfe, 0x7f, 0xfe, 0x49, 0xff, 0x92, 0x7f, 0xfe, 0x7f, 0xfc, 0x00, 0xff, 0x00, 
	0x3f, 0xfe, 0x7f, 0xfc, 0x00, 0xff, 0x00, 0x3f, 0xfe, 0x7f, 0xfe, 0x49, 0xff, 0x92, 0x7f, 0xfe, 
	0x7f, 0xff, 0x87, 0xff, 0xe1, 0xff, 0xfe, 0x7f, 0xff, 0x87, 0xff, 0xe1, 0xff, 0xfe, 0x7f, 0xff, 
	0x87, 0xff, 0xe1, 0xff, 0xfe, 0x7f, 0xff, 0xcf, 0xff, 0xf3, 0xff, 0xfe, 0x7f, 0xff, 0xff, 0x81, 
	0xff, 0xff, 0xfe, 0x7f, 0xff, 0xff, 0xc3, 0xff, 0xff, 0xfe, 0x7f, 0xff, 0xff, 0x24, 0xff, 0xff, 
	0xfe, 0x7f, 0xff, 0xfe, 0x00, 0x7f, 0xff, 0xfe, 0x7f, 0xff, 0xfe, 0x00, 0x7f, 0xff, 0xfe, 0x7f, 
	0xff, 0xff, 0x24, 0xff, 0xff, 0xfe, 0x7f, 0xff, 0xff, 0xc3, 0xff, 0xff, 0xfe, 0x7f, 0xff, 0xff, 
	0xc3, 0xff, 0xff, 0xfe, 0x7f, 0xff, 0xff, 0xc3, 0xff, 0xff, 0xfe, 0x7f, 0xff, 0xff, 0xe7, 0xff, 
	0xff, 0x8e, 0x7f, 0xff, 0x03, 0xff, 0xc0, 0xff, 0xde, 0x7f, 0xff, 0x87, 0xff, 0xe1, 0xff, 0x8e, 
	0x7f, 0xfe, 0x49, 0xff, 0x92, 0x7f, 0x26, 0x7f, 0xfc, 0x00, 0xff, 0x00, 0x3f, 0x8e, 0x7f, 0xfc, 
	0x00, 0xff, 0x00, 0x3f, 0xde, 0x7f, 0xfe, 0x49, 0xff, 0x92, 0x7f, 0xfe, 0x7f, 0xff, 0x87, 0xff, 
	0xe1, 0xff, 0x22, 0x7f, 0xff, 0x87, 0xff, 0xe1, 0xfe, 0xd6, 0x7f, 0xff, 0x87, 0xff, 0xe1, 0xfe, 
	0xd6, 0x7f, 0xff, 0xcf, 0xff, 0xf3, 0xfe, 0xd6, 0x7f, 0xff, 0xff, 0xff, 0xff, 0xfe, 0xd6, 0x7f, 
	0xff, 0xff, 0xff, 0xff, 0xfe, 0xd2, 0x7f, 0xff, 0xff, 0xff, 0xff, 0xff, 0x36, 0x7f, 0xff, 0xff, 
	0xff, 0xff, 0xff, 0xfe, 0x7f, 0xff, 0xff, 0xff, 0xff, 0xff, 0xfe, 0x3f, 0xff, 0xff, 0xff, 0xff, 
	0xff, 0xfc, 0x1f, 0xff, 0xff, 0xff, 0xff, 0xff, 0xf8, 0x00, 0x00, 0x00, 0x00, 0x00, 0x00, 0x00
};
// '10_diamond', 56x80px
const unsigned char epd_bitmap_10_diamond [] PROGMEM = {
	0x00, 0x00, 0x00, 0x00, 0x00, 0x00, 0x00, 0x1f, 0xff, 0xff, 0xff, 0xff, 0xff, 0xf8, 0x3f, 0xff, 
	0xff, 0xff, 0xff, 0xff, 0xfc, 0x7f, 0xff, 0xff, 0xff, 0xff, 0xff, 0xfe, 0x6c, 0xff, 0xff, 0xff, 
	0xff, 0xff, 0xfe, 0x4b, 0x7f, 0xff, 0xff, 0xff, 0xff, 0xfe, 0x6b, 0x7f, 0xff, 0xff, 0xff, 0xff, 
	0xfe, 0x6b, 0x7f, 0xff, 0xff, 0xff, 0xff, 0xfe, 0x6b, 0x7f, 0xcf, 0xff, 0xf3, 0xff, 0xfe, 0x6b, 
	0x7f, 0x87, 0xff, 0xe1, 0xff, 0xfe, 0x44, 0xff, 0x03, 0xff, 0xc0, 0xff, 0xfe, 0x7f, 0xfe, 0x01, 
	0xff, 0x80, 0x7f, 0xfe, 0x7b, 0xfc, 0x00, 0xff, 0x00, 0x3f, 0xfe, 0x71, 0xfc, 0x00, 0xff, 0x00, 
	0x3f, 0xfe, 0x60, 0xfe, 0x01, 0xff, 0x80, 0x7f, 0xfe, 0x60, 0xff, 0x03, 0xff, 0xc0, 0xff, 0xfe, 
	0x71, 0xff, 0x87, 0xff, 0xe1, 0xff, 0xfe, 0x7b, 0xff, 0xcf, 0xff, 0xf3, 0xff, 0xfe, 0x7f, 0xff, 
	0xff, 0xe7, 0xff, 0xff, 0xfe, 0x7f, 0xff, 0xff, 0xc3, 0xff, 0xff, 0xfe, 0x7f, 0xff, 0xff, 0x81, 
	0xff, 0xff, 0xfe, 0x7f, 0xff, 0xff, 0x00, 0xff, 0xff, 0xfe, 0x7f, 0xff, 0xfe, 0x00, 0x7f, 0xff, 
	0xfe, 0x7f, 0xff, 0xfe, 0x00, 0x7f, 0xff, 0xfe, 0x7f, 0xff, 0xff, 0x00, 0xff, 0xff, 0xfe, 0x7f, 
	0xff, 0xff, 0x81, 0xff, 0xff, 0xfe, 0x7f, 0xff, 0xff, 0xc3, 0xff, 0xff, 0xfe, 0x7f, 0xff, 0xff, 
	0xe7, 0xff, 0xff, 0xfe, 0x7f, 0xff, 0xcf, 0xff, 0xf3, 0xff, 0xfe, 0x7f, 0xff, 0x87, 0xff, 0xe1, 
	0xff, 0xfe, 0x7f, 0xff, 0x03, 0xff, 0xc0, 0xff, 0xfe, 0x7f, 0xfe, 0x01, 0xff, 0x80, 0x7f, 0xfe, 
	0x7f, 0xfc, 0x00, 0xff, 0x00, 0x3f, 0xfe, 0x7f, 0xfc, 0x00, 0xff, 0x00, 0x3f, 0xfe, 0x7f, 0xfe, 
	0x01, 0xff, 0x80, 0x7f, 0xfe, 0x7f, 0xff, 0x03, 0xff, 0xc0, 0xff, 0xfe, 0x7f, 0xff, 0x87, 0xff, 
	0xe1, 0xff, 0xfe, 0x7f, 0xff, 0xcf, 0xff, 0xf3, 0xff, 0xfe, 0x7f, 0xff, 0xff, 0xff, 0xff, 0xff, 
	0xfe, 0x7f, 0xff, 0xff, 0xff, 0xff, 0xff, 0xfe, 0x7f, 0xff, 0xff, 0xff, 0xff, 0xff, 0xfe, 0x7f, 
	0xff, 0xff, 0xff, 0xff, 0xff, 0xfe, 0x7f, 0xff, 0xcf, 0xff, 0xf3, 0xff, 0xfe, 0x7f, 0xff, 0x87, 
	0xff, 0xe1, 0xff, 0xfe, 0x7f, 0xff, 0x03, 0xff, 0xc0, 0xff, 0xfe, 0x7f, 0xfe, 0x01, 0xff, 0x80, 
	0x7f, 0xfe, 0x7f, 0xfc, 0x00, 0xff, 0x00, 0x3f, 0xfe, 0x7f, 0xfc, 0x00, 0xff, 0x00, 0x3f, 0xfe, 
	0x7f, 0xfe, 0x01, 0xff, 0x80, 0x7f, 0xfe, 0x7f, 0xff, 0x03, 0xff, 0xc0, 0xff, 0xfe, 0x7f, 0xff, 
	0x87, 0xff, 0xe1, 0xff, 0xfe, 0x7f, 0xff, 0xcf, 0xff, 0xf3, 0xff, 0xfe, 0x7f, 0xff, 0xff, 0xe7, 
	0xff, 0xff, 0xfe, 0x7f, 0xff, 0xff, 0xc3, 0xff, 0xff, 0xfe, 0x7f, 0xff, 0xff, 0x81, 0xff, 0xff, 
	0xfe, 0x7f, 0xff, 0xff, 0x00, 0xff, 0xff, 0xfe, 0x7f, 0xff, 0xfe, 0x00, 0x7f, 0xff, 0xfe, 0x7f, 
	0xff, 0xfe, 0x00, 0x7f, 0xff, 0xfe, 0x7f, 0xff, 0xff, 0x00, 0xff, 0xff, 0xfe, 0x7f, 0xff, 0xff, 
	0x81, 0xff, 0xff, 0xfe, 0x7f, 0xff, 0xff, 0xc3, 0xff, 0xff, 0xfe, 0x7f, 0xff, 0xff, 0xe7, 0xff, 
	0xff, 0xde, 0x7f, 0xff, 0xcf, 0xff, 0xf3, 0xff, 0x8e, 0x7f, 0xff, 0x87, 0xff, 0xe1, 0xff, 0x06, 
	0x7f, 0xff, 0x03, 0xff, 0xc0, 0xff, 0x06, 0x7f, 0xfe, 0x01, 0xff, 0x80, 0x7f, 0x8e, 0x7f, 0xfc, 
	0x00, 0xff, 0x00, 0x3f, 0xde, 0x7f, 0xfc, 0x00, 0xff, 0x00, 0x3f, 0xfe, 0x7f, 0xfe, 0x01, 0xff, 
	0x80, 0x7f, 0x22, 0x7f, 0xff, 0x03, 0xff, 0xc0, 0xfe, 0xd6, 0x7f, 0xff, 0x87, 0xff, 0xe1, 0xfe, 
	0xd6, 0x7f, 0xff, 0xcf, 0xff, 0xf3, 0xfe, 0xd6, 0x7f, 0xff, 0xff, 0xff, 0xff, 0xfe, 0xd6, 0x7f, 
	0xff, 0xff, 0xff, 0xff, 0xfe, 0xd2, 0x7f, 0xff, 0xff, 0xff, 0xff, 0xff, 0x36, 0x7f, 0xff, 0xff, 
	0xff, 0xff, 0xff, 0xfe, 0x7f, 0xff, 0xff, 0xff, 0xff, 0xff, 0xfe, 0x3f, 0xff, 0xff, 0xff, 0xff, 
	0xff, 0xfc, 0x1f, 0xff, 0xff, 0xff, 0xff, 0xff, 0xf8, 0x00, 0x00, 0x00, 0x00, 0x00, 0x00, 0x00
};
// '10_heart', 56x80px
const unsigned char epd_bitmap_10_heart [] PROGMEM = {
	0x00, 0x00, 0x00, 0x00, 0x00, 0x00, 0x00, 0x1f, 0xff, 0xff, 0xff, 0xff, 0xff, 0xf8, 0x3f, 0xff, 
	0xff, 0xff, 0xff, 0xff, 0xfc, 0x7f, 0xff, 0xff, 0xff, 0xff, 0xff, 0xfe, 0x6c, 0xff, 0xff, 0xff, 
	0xff, 0xff, 0xfe, 0x4b, 0x7f, 0xff, 0xff, 0xff, 0xff, 0xfe, 0x6b, 0x7f, 0xff, 0xff, 0xff, 0xff, 
	0xfe, 0x6b, 0x7f, 0xff, 0xff, 0xff, 0xff, 0xfe, 0x6b, 0x7f, 0xff, 0xff, 0xff, 0xff, 0xfe, 0x6b, 
	0x7e, 0x31, 0xff, 0x8c, 0x7f, 0xfe, 0x44, 0xfc, 0x00, 0xff, 0x00, 0x3f, 0xfe, 0x7f, 0xfc, 0x00, 
	0xff, 0x00, 0x3f, 0xfe, 0x64, 0xfc, 0x00, 0xff, 0x00, 0x3f, 0xfe, 0x60, 0xfe, 0x01, 0xff, 0x80, 
	0x7f, 0xfe, 0x60, 0xff, 0x03, 0xff, 0xc0, 0xff, 0xfe, 0x60, 0xff, 0x87, 0xff, 0xe1, 0xff, 0xfe, 
	0x71, 0xff, 0xcf, 0xff, 0xf3, 0xff, 0xfe, 0x7b, 0xff, 0xff, 0xff, 0xff, 0xff, 0xfe, 0x7f, 0xff, 
	0xff, 0xff, 0xff, 0xff, 0xfe, 0x7f, 0xff, 0xff, 0x18, 0xff, 0xff, 0xfe, 0x7f, 0xff, 0xfe, 0x00, 
	0x7f, 0xff, 0xfe, 0x7f, 0xff, 0xfe, 0x00, 0x7f, 0xff, 0xfe, 0x7f, 0xff, 0xfe, 0x00, 0x7f, 0xff, 
	0xfe, 0x7f, 0xff, 0xff, 0x00, 0xff, 0xff, 0xfe, 0x7f, 0xff, 0xff, 0x81, 0xff, 0xff, 0xfe, 0x7f, 
	0xff, 0xff, 0xc3, 0xff, 0xff, 0xfe, 0x7f, 0xff, 0xff, 0xe7, 0xff, 0xff, 0xfe, 0x7f, 0xff, 0xff, 
	0xff, 0xff, 0xff, 0xfe, 0x7f, 0xff, 0xff, 0xff, 0xff, 0xff, 0xfe, 0x7f, 0xfe, 0x31, 0xff, 0x8c, 
	0x7f, 0xfe, 0x7f, 0xfc, 0x00, 0xff, 0x00, 0x3f, 0xfe, 0x7f, 0xfc, 0x00, 0xff, 0x00, 0x3f, 0xfe, 
	0x7f, 0xfc, 0x00, 0xff, 0x00, 0x3f, 0xfe, 0x7f, 0xfe, 0x01, 0xff, 0x80, 0x7f, 0xfe, 0x7f, 0xff, 
	0x03, 0xff, 0xc0, 0xff, 0xfe, 0x7f, 0xff, 0x87, 0xff, 0xe1, 0xff, 0xfe, 0x7f, 0xff, 0xcf, 0xff, 
	0xf3, 0xff, 0xfe, 0x7f, 0xff, 0xff, 0xff, 0xff, 0xff, 0xfe, 0x7f, 0xff, 0xff, 0xff, 0xff, 0xff, 
	0xfe, 0x7f, 0xff, 0xff, 0xff, 0xff, 0xff, 0xfe, 0x7f, 0xff, 0xff, 0xff, 0xff, 0xff, 0xfe, 0x7f, 
	0xff, 0xff, 0xff, 0xff, 0xff, 0xfe, 0x7f, 0xff, 0xff, 0xff, 0xff, 0xff, 0xfe, 0x7f, 0xff, 0xcf, 
	0xff, 0xf3, 0xff, 0xfe, 0x7f, 0xff, 0x87, 0xff, 0xe1, 0xff, 0xfe, 0x7f, 0xff, 0x03, 0xff, 0xc0, 
	0xff, 0xfe, 0x7f, 0xfe, 0x01, 0xff, 0x80, 0x7f, 0xfe, 0x7f, 0xfc, 0x00, 0xff, 0x00, 0x3f, 0xfe, 
	0x7f, 0xfc, 0x00, 0xff, 0x00, 0x3f, 0xfe, 0x7f, 0xfc, 0x00, 0xff, 0x00, 0x3f, 0xfe, 0x7f, 0xfe, 
	0x31, 0xff, 0x8c, 0x7f, 0xfe, 0x7f, 0xff, 0xff, 0xff, 0xff, 0xff, 0xfe, 0x7f, 0xff, 0xff, 0xff, 
	0xff, 0xff, 0xfe, 0x7f, 0xff, 0xff, 0xe7, 0xff, 0xff, 0xfe, 0x7f, 0xff, 0xff, 0xc3, 0xff, 0xff, 
	0xfe, 0x7f, 0xff, 0xff, 0x81, 0xff, 0xff, 0xfe, 0x7f, 0xff, 0xff, 0x00, 0xff, 0xff, 0xfe, 0x7f, 
	0xff, 0xfe, 0x00, 0x7f, 0xff, 0xfe, 0x7f, 0xff, 0xfe, 0x00, 0x7f, 0xff, 0xfe, 0x7f, 0xff, 0xfe, 
	0x00, 0x7f, 0xff, 0xfe, 0x7f, 0xff, 0xff, 0x18, 0xff, 0xff, 0xfe, 0x7f, 0xff, 0xff, 0xff, 0xff, 
	0xff, 0xde, 0x7f, 0xff, 0xff, 0xff, 0xff, 0xff, 0x8e, 0x7f, 0xff, 0xcf, 0xff, 0xf3, 0xff, 0x06, 
	0x7f, 0xff, 0x87, 0xff, 0xe1, 0xff, 0x06, 0x7f, 0xff, 0x03, 0xff, 0xc0, 0xff, 0x06, 0x7f, 0xfe, 
	0x01, 0xff, 0x80, 0x7f, 0x26, 0x7f, 0xfc, 0x00, 0xff, 0x00, 0x3f, 0xfe, 0x7f, 0xfc, 0x00, 0xff, 
	0x00, 0x3f, 0x22, 0x7f, 0xfc, 0x00, 0xff, 0x00, 0x3e, 0xd6, 0x7f, 0xfe, 0x31, 0xff, 0x8c, 0x7e, 
	0xd6, 0x7f, 0xff, 0xff, 0xff, 0xff, 0xfe, 0xd6, 0x7f, 0xff, 0xff, 0xff, 0xff, 0xfe, 0xd6, 0x7f, 
	0xff, 0xff, 0xff, 0xff, 0xfe, 0xd2, 0x7f, 0xff, 0xff, 0xff, 0xff, 0xff, 0x36, 0x7f, 0xff, 0xff, 
	0xff, 0xff, 0xff, 0xfe, 0x7f, 0xff, 0xff, 0xff, 0xff, 0xff, 0xfe, 0x3f, 0xff, 0xff, 0xff, 0xff, 
	0xff, 0xfc, 0x1f, 0xff, 0xff, 0xff, 0xff, 0xff, 0xf8, 0x00, 0x00, 0x00, 0x00, 0x00, 0x00, 0x00
};
// '10_spade', 56x80px
const unsigned char epd_bitmap_10_spade [] PROGMEM = {
	0x00, 0x00, 0x00, 0x00, 0x00, 0x00, 0x00, 0x1f, 0xff, 0xff, 0xff, 0xff, 0xff, 0xf8, 0x3f, 0xff, 
	0xff, 0xff, 0xff, 0xff, 0xfc, 0x7f, 0xff, 0xff, 0xff, 0xff, 0xff, 0xfe, 0x6c, 0xff, 0xff, 0xff, 
	0xff, 0xff, 0xfe, 0x4b, 0x7f, 0xff, 0xff, 0xff, 0xff, 0xfe, 0x6b, 0x7f, 0xff, 0xff, 0xff, 0xff, 
	0xfe, 0x6b, 0x7f, 0xff, 0xff, 0xff, 0xff, 0xfe, 0x6b, 0x7f, 0xcf, 0xff, 0xf3, 0xff, 0xfe, 0x6b, 
	0x7f, 0x87, 0xff, 0xe1, 0xff, 0xfe, 0x44, 0xff, 0x03, 0xff, 0xc0, 0xff, 0xfe, 0x7f, 0xfe, 0x01, 
	0xff, 0x80, 0x7f, 0xfe, 0x7b, 0xfc, 0x00, 0xff, 0x00, 0x3f, 0xfe, 0x71, 0xfc, 0x00, 0xff, 0x00, 
	0x3f, 0xfe, 0x60, 0xfc, 0x00, 0xff, 0x00, 0x3f, 0xfe, 0x60, 0xfe, 0x49, 0xff, 0x92, 0x7f, 0xfe, 
	0x7b, 0xff, 0xcf, 0xff, 0xf3, 0xff, 0xfe, 0x71, 0xff, 0x03, 0xff, 0xc0, 0xff, 0xfe, 0x7f, 0xff, 
	0xff, 0xe7, 0xff, 0xff, 0xfe, 0x7f, 0xff, 0xff, 0xc3, 0xff, 0xff, 0xfe, 0x7f, 0xff, 0xff, 0x81, 
	0xff, 0xff, 0xfe, 0x7f, 0xff, 0xff, 0x00, 0xff, 0xff, 0xfe, 0x7f, 0xff, 0xfe, 0x00, 0x7f, 0xff, 
	0xfe, 0x7f, 0xff, 0xfe, 0x00, 0x7f, 0xff, 0xfe, 0x7f, 0xff, 0xfe, 0x00, 0x7f, 0xff, 0xfe, 0x7f, 
	0xff, 0xff, 0x24, 0xff, 0xff, 0xfe, 0x7f, 0xff, 0xff, 0xe7, 0xff, 0xff, 0xfe, 0x7f, 0xff, 0xff, 
	0x81, 0xff, 0xff, 0xfe, 0x7f, 0xff, 0xcf, 0xff, 0xf3, 0xff, 0xfe, 0x7f, 0xff, 0x87, 0xff, 0xe1, 
	0xff, 0xfe, 0x7f, 0xff, 0x03, 0xff, 0xc0, 0xff, 0xfe, 0x7f, 0xfe, 0x01, 0xff, 0x80, 0x7f, 0xfe, 
	0x7f, 0xfc, 0x00, 0xff, 0x00, 0x3f, 0xfe, 0x7f, 0xfc, 0x00, 0xff, 0x00, 0x3f, 0xfe, 0x7f, 0xfc, 
	0x00, 0xff, 0x00, 0x3f, 0xfe, 0x7f, 0xfe, 0x49, 0xff, 0x92, 0x7f, 0xfe, 0x7f, 0xff, 0xcf, 0xff, 
	0xf3, 0xff, 0xfe, 0x7f, 0xff, 0x03, 0xff, 0xc0, 0xff, 0xfe, 0x7f, 0xff, 0xff, 0xff, 0xff, 0xff, 
	0xfe, 0x7f, 0xff, 0xff, 0xff, 0xff, 0xff, 0xfe, 0x7f, 0xff, 0xff, 0xff, 0xff, 0xff, 0xfe, 0x7f, 
	0xff, 0xff, 0xff, 0xff, 0xff, 0xfe, 0x7f, 0xff, 0x03, 0xff, 0xc0, 0xff, 0xfe, 0x7f, 0xff, 0xcf, 
	0xff, 0xf3, 0xff, 0xfe, 0x7f, 0xfe, 0x49, 0xff, 0x92, 0x7f, 0xfe, 0x7f, 0xfc, 0x00, 0xff, 0x00, 
	0x3f, 0xfe, 0x7f, 0xfc, 0x00, 0xff, 0x00, 0x3f, 0xfe, 0x7f, 0xfc, 0x00, 0xff, 0x00, 0x3f, 0xfe, 
	0x7f, 0xfe, 0x01, 0xff, 0x80, 0x7f, 0xfe, 0x7f, 0xff, 0x03, 0xff, 0xc0, 0xff, 0xfe, 0x7f, 0xff, 
	0x87, 0xff, 0xe1, 0xff, 0xfe, 0x7f, 0xff, 0xcf, 0xff, 0xf3, 0xff, 0xfe, 0x7f, 0xff, 0xff, 0x81, 
	0xff, 0xff, 0xfe, 0x7f, 0xff, 0xff, 0xe7, 0xff, 0xff, 0xfe, 0x7f, 0xff, 0xff, 0x24, 0xff, 0xff, 
	0xfe, 0x7f, 0xff, 0xfe, 0x00, 0x7f, 0xff, 0xfe, 0x7f, 0xff, 0xfe, 0x00, 0x7f, 0xff, 0xfe, 0x7f, 
	0xff, 0xfe, 0x00, 0x7f, 0xff, 0xfe, 0x7f, 0xff, 0xff, 0x00, 0xff, 0xff, 0xfe, 0x7f, 0xff, 0xff, 
	0x81, 0xff, 0xff, 0xfe, 0x7f, 0xff, 0xff, 0xc3, 0xff, 0xff, 0xfe, 0x7f, 0xff, 0xff, 0xe7, 0xff, 
	0xff, 0x8e, 0x7f, 0xff, 0x03, 0xff, 0xc0, 0xff, 0xde, 0x7f, 0xff, 0xcf, 0xff, 0xf3, 0xff, 0x06, 
	0x7f, 0xfe, 0x49, 0xff, 0x92, 0x7f, 0x06, 0x7f, 0xfc, 0x00, 0xff, 0x00, 0x3f, 0x8e, 0x7f, 0xfc, 
	0x00, 0xff, 0x00, 0x3f, 0xde, 0x7f, 0xfc, 0x00, 0xff, 0x00, 0x3f, 0xfe, 0x7f, 0xfe, 0x01, 0xff, 
	0x80, 0x7f, 0x22, 0x7f, 0xff, 0x03, 0xff, 0xc0, 0xfe, 0xd6, 0x7f, 0xff, 0x87, 0xff, 0xe1, 0xfe, 
	0xd6, 0x7f, 0xff, 0xcf, 0xff, 0xf3, 0xfe, 0xd6, 0x7f, 0xff, 0xff, 0xff, 0xff, 0xfe, 0xd6, 0x7f, 
	0xff, 0xff, 0xff, 0xff, 0xfe, 0xd2, 0x7f, 0xff, 0xff, 0xff, 0xff, 0xff, 0x36, 0x7f, 0xff, 0xff, 
	0xff, 0xff, 0xff, 0xfe, 0x7f, 0xff, 0xff, 0xff, 0xff, 0xff, 0xfe, 0x3f, 0xff, 0xff, 0xff, 0xff, 
	0xff, 0xfc, 0x1f, 0xff, 0xff, 0xff, 0xff, 0xff, 0xf8, 0x00, 0x00, 0x00, 0x00, 0x00, 0x00, 0x00
};
// '11_clubs_jack', 56x80px
const unsigned char epd_bitmap_11_clubs_jack [] PROGMEM = {
	0x00, 0x00, 0x00, 0x00, 0x00, 0x00, 0x00, 0x1f, 0xff, 0xff, 0xff, 0xff, 0xff, 0xf8, 0x3f, 0xff, 
	0xff, 0xff, 0xff, 0xff, 0xfc, 0x7f, 0xff, 0xff, 0xff, 0xff, 0xff, 0xfe, 0x70, 0xff, 0xff, 0xff, 
	0xff, 0xff, 0xfe, 0x7e, 0xff, 0xff, 0xff, 0xff, 0xff, 0xfe, 0x7e, 0xff, 0xff, 0xff, 0xff, 0xff, 
	0xfe, 0x7e, 0xff, 0xff, 0xff, 0xff, 0xff, 0xfe, 0x7e, 0xc0, 0x00, 0x00, 0x00, 0x03, 0xfe, 0x6e, 
	0xbf, 0xfe, 0x00, 0x01, 0xfd, 0xfe, 0x71, 0xbe, 0x7e, 0x00, 0x00, 0xfd, 0xfe, 0x7f, 0xbc, 0x3f, 
	0x00, 0x01, 0x7d, 0xfe, 0x7b, 0xbc, 0x3f, 0x80, 0x01, 0xfd, 0xfe, 0x71, 0xbc, 0x3f, 0x80, 0x03, 
	0xf9, 0xfe, 0x64, 0xb2, 0x4f, 0x80, 0xf3, 0xf1, 0xfe, 0x71, 0xa0, 0x07, 0x81, 0xfb, 0xfd, 0xfe, 
	0x7b, 0xa0, 0x07, 0x81, 0x93, 0xc1, 0xfe, 0x71, 0xb2, 0x4f, 0x01, 0xdb, 0xe5, 0xfe, 0x7f, 0xbc, 
	0x3e, 0x01, 0xfb, 0xed, 0xfe, 0x7f, 0xb8, 0x1c, 0x01, 0xf3, 0xe5, 0xfe, 0x7f, 0x9f, 0xf8, 0x01, 
	0xf9, 0xe9, 0xfe, 0x7f, 0x8f, 0xf8, 0x01, 0xe2, 0xed, 0xfe, 0x7f, 0xb7, 0xf8, 0x01, 0xf9, 0xe9, 
	0xfe, 0x7f, 0x97, 0xe4, 0x02, 0xf2, 0xe5, 0xfe, 0x7f, 0xa7, 0x80, 0x83, 0x03, 0xed, 0xfe, 0x7f, 
	0xb6, 0x04, 0x5b, 0xeb, 0x65, 0xfe, 0x7f, 0xa0, 0x00, 0x2e, 0xe3, 0x41, 0xfe, 0x7f, 0x90, 0x04, 
	0x17, 0xcb, 0x59, 0xfe, 0x7f, 0xb0, 0x00, 0x0b, 0xa3, 0x59, 0xfe, 0x7f, 0x90, 0x04, 0x15, 0x4b, 
	0x55, 0xfe, 0x7f, 0xa0, 0x00, 0x1a, 0x83, 0x6d, 0xfe, 0x7f, 0xb4, 0x04, 0x15, 0x0a, 0x25, 0xfe, 
	0x7f, 0xa2, 0x00, 0x1a, 0x00, 0x29, 0xfe, 0x7f, 0x90, 0x2a, 0x14, 0x08, 0x0d, 0xfe, 0x7f, 0xb1, 
	0x77, 0x1a, 0x00, 0x09, 0xfe, 0x7f, 0x90, 0x2a, 0x94, 0x08, 0x05, 0xfe, 0x7f, 0xa0, 0x85, 0xda, 
	0x04, 0x0d, 0xfe, 0x7f, 0xb0, 0x49, 0x54, 0x00, 0x05, 0xfe, 0x7f, 0xa0, 0x12, 0x2a, 0x04, 0x01, 
	0xfe, 0x7f, 0x90, 0x44, 0x54, 0x10, 0x0d, 0xfe, 0x7f, 0xb0, 0x08, 0x2a, 0x22, 0x09, 0xfe, 0x7f, 
	0x80, 0x20, 0x54, 0x48, 0x05, 0xfe, 0x7f, 0xa0, 0x00, 0x2a, 0x92, 0x0d, 0xfe, 0x7f, 0xb0, 0x20, 
	0x5b, 0xa1, 0x05, 0xfe, 0x7f, 0xa0, 0x10, 0x29, 0x54, 0x09, 0xfe, 0x7f, 0x90, 0x00, 0x58, 0xee, 
	0x8d, 0xfe, 0x7f, 0xb0, 0x10, 0x28, 0x54, 0x09, 0xfe, 0x7f, 0x94, 0x00, 0x58, 0x00, 0x05, 0xfe, 
	0x7f, 0xa4, 0x50, 0xa8, 0x20, 0x2d, 0xfe, 0x7f, 0xb6, 0xc1, 0x58, 0x00, 0x05, 0xfe, 0x7f, 0xaa, 
	0xd2, 0xa8, 0x20, 0x09, 0xfe, 0x7f, 0x9a, 0xc5, 0xd0, 0x00, 0x0d, 0xfe, 0x7f, 0x9a, 0xd3, 0xe8, 
	0x20, 0x09, 0xfe, 0x7f, 0x82, 0xc7, 0x74, 0x00, 0x05, 0xfe, 0x7f, 0xa6, 0xd7, 0xda, 0x20, 0x6d, 
	0xfe, 0x7f, 0xb7, 0xc0, 0xc1, 0x01, 0xe5, 0xfe, 0x7f, 0xa7, 0x4f, 0x40, 0x27, 0xe9, 0xfe, 0x7f, 
	0x97, 0x9f, 0x80, 0x1f, 0xed, 0xfe, 0x7f, 0xb7, 0x47, 0x80, 0x1f, 0xf1, 0xfe, 0x7f, 0x97, 0x9f, 
	0x80, 0x1f, 0xf9, 0xfe, 0x7f, 0xa7, 0xcf, 0x80, 0x38, 0x1d, 0xfe, 0x7f, 0xb7, 0xdf, 0x80, 0x7c, 
	0x3d, 0x8e, 0x7f, 0xa7, 0xdb, 0x80, 0xf2, 0x4d, 0xde, 0x7f, 0x83, 0xc9, 0x81, 0xe0, 0x05, 0x8e, 
	0x7f, 0xbf, 0xdf, 0x81, 0xe0, 0x05, 0x26, 0x7f, 0x8f, 0xcf, 0x01, 0xf2, 0x4d, 0x8e, 0x7f, 0x9f, 
	0xc0, 0x01, 0xfc, 0x3d, 0xde, 0x7f, 0xbf, 0x80, 0x01, 0xfc, 0x3d, 0xfe, 0x7f, 0xbe, 0x80, 0x00, 
	0xfc, 0x3d, 0x8e, 0x7f, 0xbf, 0x00, 0x00, 0x7e, 0x7d, 0x76, 0x7f, 0xbf, 0x80, 0x00, 0x7f, 0xfd, 
	0x7e, 0x7f, 0xc0, 0x00, 0x00, 0x00, 0x03, 0x7e, 0x7f, 0xff, 0xff, 0xff, 0xff, 0xff, 0x7e, 0x7f, 
	0xff, 0xff, 0xff, 0xff, 0xff, 0x7e, 0x7f, 0xff, 0xff, 0xff, 0xff, 0xff, 0x0e, 0x7f, 0xff, 0xff, 
	0xff, 0xff, 0xff, 0xfe, 0x7f, 0xff, 0xff, 0xff, 0xff, 0xff, 0xfe, 0x3f, 0xff, 0xff, 0xff, 0xff, 
	0xff, 0xfc, 0x1f, 0xff, 0xff, 0xff, 0xff, 0xff, 0xf8, 0x00, 0x00, 0x00, 0x00, 0x00, 0x00, 0x00
};
// '11_diamond_jack', 56x80px
const unsigned char epd_bitmap_11_diamond_jack [] PROGMEM = {
	0x00, 0x00, 0x00, 0x00, 0x00, 0x00, 0x00, 0x1f, 0xff, 0xff, 0xff, 0xff, 0xff, 0xf8, 0x3f, 0xff, 
	0xff, 0xff, 0xff, 0xff, 0xfc, 0x7f, 0xff, 0xff, 0xff, 0xff, 0xff, 0xfe, 0x70, 0xff, 0xff, 0xff, 
	0xff, 0xff, 0xfe, 0x7e, 0xff, 0xff, 0xff, 0xff, 0xff, 0xfe, 0x7e, 0xff, 0xff, 0xff, 0xff, 0xff, 
	0xfe, 0x7e, 0xff, 0xff, 0xff, 0xff, 0xff, 0xfe, 0x7e, 0xc0, 0x00, 0x00, 0x00, 0x03, 0xfe, 0x6e, 
	0xbf, 0xe2, 0x51, 0x45, 0xfd, 0xfe, 0x71, 0xbe, 0x71, 0x51, 0x49, 0xfd, 0xfe, 0x7f, 0xbc, 0x39, 
	0xcf, 0x53, 0xfd, 0xfe, 0x7b, 0xb8, 0x1c, 0x00, 0x67, 0xfd, 0xfe, 0x71, 0xb0, 0x0e, 0x00, 0x0f, 
	0xf9, 0xfe, 0x60, 0xa0, 0x06, 0xfe, 0x0f, 0xf9, 0xfe, 0x60, 0xa0, 0x06, 0x26, 0x0f, 0xf9, 0xfe, 
	0x71, 0xb0, 0x0e, 0x6e, 0x0f, 0xbd, 0xfe, 0x7b, 0xb8, 0x1e, 0xfe, 0x0f, 0xc5, 0xfe, 0x7f, 0xbc, 
	0x3e, 0xfe, 0x07, 0xf1, 0xfe, 0x7f, 0xbe, 0x7e, 0xde, 0x07, 0xfd, 0xfe, 0x7f, 0xbf, 0xfc, 0xf6, 
	0x03, 0xf9, 0xfe, 0x7f, 0xbf, 0xf8, 0x8e, 0x03, 0xf9, 0xfe, 0x7f, 0xbf, 0xf8, 0xfc, 0x00, 0xf9, 
	0xfe, 0x7f, 0x9f, 0xe8, 0x7a, 0x00, 0xf9, 0xfe, 0x7f, 0x9f, 0xc4, 0x87, 0x00, 0xe9, 0xfe, 0x7f, 
	0x9f, 0x63, 0xff, 0xaa, 0xd1, 0xfe, 0x7f, 0x9e, 0xe4, 0x7f, 0xd5, 0x55, 0xfe, 0x7f, 0x9d, 0xd7, 
	0xf0, 0x2a, 0x95, 0xfe, 0x7f, 0x9b, 0x94, 0x7f, 0xd5, 0x21, 0xfe, 0x7f, 0x97, 0x54, 0x70, 0xaa, 
	0x49, 0xfe, 0x7f, 0x9e, 0x94, 0xf1, 0x54, 0x89, 0xfe, 0x7f, 0x9d, 0x14, 0xf2, 0xa8, 0x89, 0xfe, 
	0x7f, 0x9a, 0x14, 0x65, 0x51, 0x09, 0xfe, 0x7f, 0x95, 0x14, 0x8a, 0xa9, 0x09, 0xfe, 0x7f, 0x91, 
	0x15, 0x15, 0xd2, 0x09, 0xfe, 0x7f, 0x90, 0x96, 0x2b, 0xa2, 0x09, 0xfe, 0x7f, 0x90, 0x94, 0x51, 
	0x72, 0x09, 0xfe, 0x7f, 0x90, 0x48, 0xa0, 0xe2, 0x09, 0xfe, 0x7f, 0x90, 0x49, 0x40, 0x52, 0x09, 
	0xfe, 0x7f, 0x90, 0x46, 0x80, 0xb2, 0x09, 0xfe, 0x7f, 0x90, 0x4d, 0x01, 0x62, 0x09, 0xfe, 0x7f, 
	0x90, 0x4a, 0x02, 0x92, 0x09, 0xfe, 0x7f, 0x90, 0x47, 0x05, 0x12, 0x09, 0xfe, 0x7f, 0x90, 0x4e, 
	0x8a, 0x29, 0x09, 0xfe, 0x7f, 0x90, 0x45, 0xd4, 0x69, 0x09, 0xfe, 0x7f, 0x90, 0x4b, 0xa8, 0xa8, 
	0x89, 0xfe, 0x7f, 0x90, 0x95, 0x51, 0x28, 0xa9, 0xfe, 0x7f, 0x90, 0x8a, 0xa6, 0x28, 0x59, 0xfe, 
	0x7f, 0x91, 0x15, 0x4f, 0x28, 0xb9, 0xfe, 0x7f, 0x91, 0x2a, 0x8f, 0x29, 0x79, 0xfe, 0x7f, 0x92, 
	0x55, 0x0e, 0x2a, 0xe9, 0xfe, 0x7f, 0x84, 0xab, 0xfe, 0x29, 0xd9, 0xfe, 0x7f, 0xa9, 0x54, 0x0f, 
	0xeb, 0xb9, 0xfe, 0x7f, 0xaa, 0xab, 0xfe, 0x27, 0x79, 0xfe, 0x7f, 0x8b, 0x55, 0xff, 0xc6, 0xf9, 
	0xfe, 0x7f, 0x97, 0x00, 0xe1, 0x23, 0xf9, 0xfe, 0x7f, 0x9e, 0x00, 0x5e, 0x17, 0xf9, 0xfe, 0x7f, 
	0x9e, 0x00, 0x3f, 0x1f, 0xfd, 0xfe, 0x7f, 0x9f, 0x80, 0x71, 0x1f, 0xfd, 0xfe, 0x7f, 0x9f, 0x80, 
	0x6f, 0x3f, 0xfd, 0xfe, 0x7f, 0xbf, 0xc0, 0x7b, 0x3e, 0x7d, 0xfe, 0x7f, 0x8f, 0xc0, 0x7f, 0x7c, 
	0x3d, 0xde, 0x7f, 0xa3, 0xe0, 0x7f, 0x78, 0x1d, 0x8e, 0x7f, 0xbd, 0xc0, 0x76, 0x70, 0x0d, 0x06, 
	0x7f, 0x9f, 0xc0, 0x64, 0x60, 0x05, 0x06, 0x7f, 0x9f, 0xc0, 0x7f, 0x60, 0x05, 0x8e, 0x7f, 0x9f, 
	0xe0, 0x00, 0x70, 0x0d, 0xde, 0x7f, 0xbf, 0xc6, 0x00, 0x38, 0x1d, 0xfe, 0x7f, 0xbf, 0x8a, 0xf3, 
	0x9c, 0x3d, 0x8e, 0x7f, 0xbf, 0x12, 0x8a, 0x8e, 0x7d, 0x76, 0x7f, 0xbf, 0x22, 0x8a, 0x47, 0xfd, 
	0x7e, 0x7f, 0xc0, 0x00, 0x00, 0x00, 0x03, 0x7e, 0x7f, 0xff, 0xff, 0xff, 0xff, 0xff, 0x7e, 0x7f, 
	0xff, 0xff, 0xff, 0xff, 0xff, 0x7e, 0x7f, 0xff, 0xff, 0xff, 0xff, 0xff, 0x0e, 0x7f, 0xff, 0xff, 
	0xff, 0xff, 0xff, 0xfe, 0x7f, 0xff, 0xff, 0xff, 0xff, 0xff, 0xfe, 0x3f, 0xff, 0xff, 0xff, 0xff, 
	0xff, 0xfc, 0x1f, 0xff, 0xff, 0xff, 0xff, 0xff, 0xf8, 0x00, 0x00, 0x00, 0x00, 0x00, 0x00, 0x00
};
// '11_heart_jack', 56x80px
const unsigned char epd_bitmap_11_heart_jack [] PROGMEM = {
	0x00, 0x00, 0x00, 0x00, 0x00, 0x00, 0x00, 0x1f, 0xff, 0xff, 0xff, 0xff, 0xff, 0xf8, 0x3f, 0xff, 
	0xff, 0xff, 0xff, 0xff, 0xfc, 0x7f, 0xff, 0xff, 0xff, 0xff, 0xff, 0xfe, 0x70, 0xff, 0xff, 0xff, 
	0xff, 0xff, 0xfe, 0x7e, 0xff, 0xff, 0xff, 0xff, 0xff, 0xfe, 0x7e, 0xff, 0xff, 0xff, 0xff, 0xff, 
	0xfe, 0x7e, 0xff, 0xff, 0xff, 0xff, 0xff, 0xfe, 0x7e, 0xc0, 0x00, 0x00, 0x00, 0x03, 0xfe, 0x6e, 
	0xbf, 0xfc, 0xa9, 0x53, 0xfd, 0xfe, 0x71, 0xb1, 0x8c, 0x66, 0x63, 0xfd, 0xfe, 0x7f, 0xa0, 0x06, 
	0x00, 0x07, 0xfd, 0xfe, 0x64, 0xa0, 0x07, 0x00, 0x0f, 0xf9, 0xfe, 0x60, 0xa0, 0x07, 0x7c, 0x0e, 
	0xf1, 0xfe, 0x60, 0xb0, 0x0f, 0x4e, 0x0e, 0xf9, 0xfe, 0x60, 0xb8, 0x1f, 0x5e, 0x0e, 0xd1, 0xfe, 
	0x71, 0xbc, 0x3f, 0x7e, 0x0e, 0xf9, 0xfe, 0x7b, 0xbe, 0x7e, 0xfe, 0x0e, 0xf1, 0xfe, 0x7f, 0xbf, 
	0xfe, 0xfe, 0x07, 0xf9, 0xfe, 0x7f, 0xbf, 0xff, 0x2c, 0x03, 0xf1, 0xfe, 0x7f, 0xbf, 0xff, 0x5c, 
	0x03, 0xf9, 0xfe, 0x7f, 0xbf, 0xff, 0x78, 0x01, 0xf1, 0xfe, 0x7f, 0xbf, 0xff, 0x80, 0x00, 0xf9, 
	0xfe, 0x7f, 0xbf, 0xff, 0xff, 0xe0, 0x71, 0xfe, 0x7f, 0xbf, 0xfd, 0x55, 0x40, 0xf9, 0xfe, 0x7f, 
	0xbf, 0xf0, 0x00, 0xe0, 0x71, 0xfe, 0x7f, 0xb1, 0xe8, 0x00, 0x0a, 0x39, 0xfe, 0x7f, 0xae, 0x64, 
	0x00, 0x2d, 0x11, 0xfe, 0x7f, 0xad, 0x22, 0x00, 0x08, 0x89, 0xfe, 0x7f, 0xb1, 0x61, 0x00, 0x10, 
	0x45, 0xfe, 0x7f, 0xb1, 0xa0, 0x00, 0xa0, 0x61, 0xfe, 0x7f, 0xa2, 0x40, 0x40, 0x28, 0x31, 0xfe, 
	0x7f, 0x85, 0x8a, 0x80, 0x40, 0x39, 0xfe, 0x7f, 0x8a, 0x85, 0x42, 0x8a, 0x1d, 0xfe, 0x7f, 0x95, 
	0x28, 0x20, 0x94, 0x15, 0xfe, 0x7f, 0xab, 0x14, 0x01, 0x21, 0x15, 0xfe, 0x7f, 0x96, 0x4a, 0x49, 
	0xc8, 0x05, 0xfe, 0x7f, 0xaa, 0x07, 0x92, 0x71, 0x09, 0xfe, 0x7f, 0x94, 0x9c, 0x24, 0x20, 0x15, 
	0xfe, 0x7f, 0xac, 0x04, 0x18, 0x39, 0x29, 0xfe, 0x7f, 0x94, 0x9c, 0x18, 0x20, 0x35, 0xfe, 0x7f, 
	0xa8, 0x04, 0x24, 0x39, 0x29, 0xfe, 0x7f, 0x90, 0x8e, 0x49, 0xe0, 0x55, 0xfe, 0x7f, 0xa0, 0x13, 
	0x92, 0x52, 0x69, 0xfe, 0x7f, 0xa8, 0x84, 0x80, 0x28, 0xd5, 0xfe, 0x7f, 0xa8, 0x29, 0x04, 0x14, 
	0xa9, 0xfe, 0x7f, 0xb8, 0x51, 0x42, 0xa1, 0x51, 0xfe, 0x7f, 0x9c, 0x02, 0x01, 0x51, 0xa1, 0xfe, 
	0x7f, 0x8c, 0x14, 0x02, 0x02, 0x41, 0xfe, 0x7f, 0x86, 0x05, 0x00, 0x05, 0x8d, 0xfe, 0x7f, 0xa2, 
	0x08, 0x00, 0x86, 0x8d, 0xfe, 0x7f, 0x91, 0x10, 0x00, 0x44, 0xb5, 0xfe, 0x7f, 0x88, 0xb4, 0x00, 
	0x26, 0x75, 0xfe, 0x7f, 0x9c, 0x50, 0x00, 0x17, 0x8d, 0xfe, 0x7f, 0x8e, 0x07, 0x00, 0x0f, 0xfd, 
	0xfe, 0x7f, 0x9f, 0x02, 0xaa, 0xbf, 0xfd, 0xfe, 0x7f, 0x8e, 0x07, 0xff, 0xff, 0xfd, 0xfe, 0x7f, 
	0x9f, 0x00, 0x01, 0xff, 0xfd, 0xfe, 0x7f, 0x8f, 0x80, 0x1e, 0xff, 0xfd, 0xfe, 0x7f, 0x9f, 0xc0, 
	0x3a, 0xff, 0xfd, 0xfe, 0x7f, 0x8f, 0xc0, 0x34, 0xff, 0xfd, 0xfe, 0x7f, 0x9f, 0xe0, 0x7f, 0x7f, 
	0xfd, 0xde, 0x7f, 0x8f, 0x70, 0x7f, 0x7e, 0x7d, 0x8e, 0x7f, 0x9f, 0x70, 0x7e, 0xfc, 0x3d, 0x06, 
	0x7f, 0x8b, 0x70, 0x7a, 0xf8, 0x1d, 0x06, 0x7f, 0x9f, 0x70, 0x72, 0xf0, 0x0d, 0x06, 0x7f, 0x8f, 
	0x70, 0x3e, 0xe0, 0x05, 0x26, 0x7f, 0x9f, 0xf0, 0x00, 0xe0, 0x05, 0xfe, 0x7f, 0xbf, 0xe0, 0x00, 
	0x60, 0x05, 0x8e, 0x7f, 0xbf, 0xc6, 0x66, 0x31, 0x8d, 0x76, 0x7f, 0xbf, 0xca, 0x95, 0x3f, 0xfd, 
	0x7e, 0x7f, 0xc0, 0x00, 0x00, 0x00, 0x03, 0x7e, 0x7f, 0xff, 0xff, 0xff, 0xff, 0xff, 0x7e, 0x7f, 
	0xff, 0xff, 0xff, 0xff, 0xff, 0x7e, 0x7f, 0xff, 0xff, 0xff, 0xff, 0xff, 0x0e, 0x7f, 0xff, 0xff, 
	0xff, 0xff, 0xff, 0xfe, 0x7f, 0xff, 0xff, 0xff, 0xff, 0xff, 0xfe, 0x3f, 0xff, 0xff, 0xff, 0xff, 
	0xff, 0xfc, 0x1f, 0xff, 0xff, 0xff, 0xff, 0xff, 0xf8, 0x00, 0x00, 0x00, 0x00, 0x00, 0x00, 0x00
};
// '11_spade_jack', 56x80px
const unsigned char epd_bitmap_11_spade_jack [] PROGMEM = {
	0x00, 0x00, 0x00, 0x00, 0x00, 0x00, 0x00, 0x1f, 0xff, 0xff, 0xff, 0xff, 0xff, 0xf8, 0x3f, 0xff, 
	0xff, 0xff, 0xff, 0xff, 0xfc, 0x7f, 0xff, 0xff, 0xff, 0xff, 0xff, 0xfe, 0x70, 0xff, 0xff, 0xff, 
	0xff, 0xff, 0xfe, 0x7e, 0xff, 0xff, 0xff, 0xff, 0xff, 0xfe, 0x7e, 0xff, 0xff, 0xff, 0xff, 0xff, 
	0xfe, 0x7e, 0xff, 0xff, 0xff, 0xff, 0xff, 0xfe, 0x7e, 0xc0, 0x00, 0x00, 0x00, 0x03, 0xfe, 0x6e, 
	0xbf, 0xfc, 0x00, 0x03, 0xfd, 0xfe, 0x71, 0xbe, 0x7e, 0x00, 0x07, 0xfd, 0xfe, 0x7f, 0xbc, 0x3e, 
	0x00, 0x07, 0xfd, 0xfe, 0x7b, 0xb8, 0x1f, 0x00, 0x0f, 0xfd, 0xfe, 0x71, 0xb0, 0x0f, 0x00, 0x0f, 
	0xed, 0xfe, 0x60, 0xa0, 0x06, 0x03, 0xef, 0xdd, 0xfe, 0x60, 0xa0, 0x06, 0x06, 0xef, 0xfd, 0xfe, 
	0x7b, 0xa0, 0x04, 0x07, 0x0f, 0xfd, 0xfe, 0x71, 0xb2, 0x4c, 0x07, 0xd7, 0xfd, 0xfe, 0x7f, 0xbe, 
	0x7c, 0x07, 0xf7, 0xfd, 0xfe, 0x7f, 0xb8, 0x18, 0x07, 0xe7, 0xfd, 0xfe, 0x7f, 0xbf, 0xf8, 0x06, 
	0xcf, 0xfd, 0xfe, 0x7f, 0xbf, 0xd0, 0x07, 0x0f, 0xed, 0xfe, 0x7f, 0xbf, 0xe0, 0x07, 0xef, 0xdd, 
	0xfe, 0x7f, 0xbf, 0xe0, 0x03, 0xdf, 0xfd, 0xfe, 0x7f, 0x8e, 0x58, 0x00, 0x1f, 0xcd, 0xfe, 0x7f, 
	0x80, 0x6b, 0xff, 0xef, 0xb5, 0xfe, 0x7f, 0x84, 0x5a, 0xaa, 0x99, 0x65, 0xfe, 0x7f, 0x85, 0x2b, 
	0xff, 0xb0, 0x75, 0xfe, 0x7f, 0x85, 0x18, 0x20, 0x64, 0x15, 0xfe, 0x7f, 0x85, 0x08, 0x70, 0xce, 
	0x05, 0xfe, 0x7f, 0x85, 0x00, 0x21, 0x95, 0x01, 0xfe, 0x7f, 0x85, 0x20, 0x03, 0x27, 0x41, 0xfe, 
	0x7f, 0x85, 0x90, 0x06, 0x45, 0x39, 0xfe, 0x7f, 0x85, 0x48, 0x03, 0xc7, 0x5d, 0xfe, 0x7f, 0x85, 
	0x25, 0x00, 0x25, 0xad, 0xfe, 0x7f, 0x85, 0x53, 0x00, 0x12, 0xd5, 0xfe, 0x7f, 0x85, 0x88, 0x01, 
	0xc9, 0x69, 0xfe, 0x7f, 0x84, 0xd4, 0x01, 0xe4, 0xbd, 0xfe, 0x7f, 0x82, 0x63, 0x01, 0xb2, 0x55, 
	0xfe, 0x7f, 0x81, 0x35, 0x7d, 0x19, 0x3d, 0xfe, 0x7f, 0xbc, 0x98, 0xbe, 0xac, 0x81, 0xfe, 0x7f, 
	0xaa, 0x4d, 0x80, 0xc6, 0x41, 0xfe, 0x7f, 0xbd, 0x27, 0x80, 0x2b, 0x21, 0xfe, 0x7f, 0x96, 0x93, 
	0x80, 0x11, 0xa1, 0xfe, 0x7f, 0xab, 0x48, 0x00, 0xca, 0xa1, 0xfe, 0x7f, 0xb5, 0xa4, 0x00, 0xa4, 
	0xa1, 0xfe, 0x7f, 0xba, 0xe3, 0xc0, 0x12, 0xa1, 0xfe, 0x7f, 0x9c, 0xa2, 0x60, 0x09, 0xa1, 0xfe, 
	0x7f, 0x82, 0xe4, 0xc0, 0x04, 0xa1, 0xfe, 0x7f, 0x80, 0xa9, 0x84, 0x00, 0xa1, 0xfe, 0x7f, 0xa0, 
	0x73, 0x0e, 0x10, 0xa1, 0xfe, 0x7f, 0xa8, 0x26, 0x04, 0x18, 0xa1, 0xfe, 0x7f, 0xae, 0x0d, 0xff, 
	0xd4, 0xa1, 0xfe, 0x7f, 0xa6, 0x99, 0x55, 0x5a, 0x21, 0xfe, 0x7f, 0xad, 0xf7, 0xff, 0xd6, 0x01, 
	0xfe, 0x7f, 0xb3, 0xf8, 0x00, 0x1a, 0x31, 0xfe, 0x7f, 0xbf, 0xfb, 0xc0, 0x07, 0xfd, 0xfe, 0x7f, 
	0xbb, 0xf7, 0xe0, 0x07, 0xfd, 0xfe, 0x7f, 0xb7, 0xf0, 0xe0, 0x0b, 0xfd, 0xfe, 0x7f, 0xbf, 0xf3, 
	0x60, 0x1f, 0xfd, 0xfe, 0x7f, 0xbf, 0xe7, 0xe0, 0x18, 0x1d, 0xfe, 0x7f, 0xbf, 0xef, 0xe0, 0x3e, 
	0x7d, 0x8e, 0x7f, 0xbf, 0xeb, 0xe0, 0x32, 0x4d, 0xde, 0x7f, 0xbf, 0xf0, 0x60, 0x20, 0x05, 0x06, 
	0x7f, 0xbf, 0xf7, 0x60, 0x60, 0x05, 0x06, 0x7f, 0xbb, 0xf7, 0xc0, 0x60, 0x05, 0x8e, 0x7f, 0xb7, 
	0xf0, 0x00, 0xf0, 0x0d, 0xde, 0x7f, 0xbf, 0xf0, 0x00, 0xf8, 0x1d, 0xfe, 0x7f, 0xbf, 0xe0, 0x00, 
	0x7c, 0x3d, 0x8e, 0x7f, 0xbf, 0xe0, 0x00, 0x7e, 0x7d, 0x76, 0x7f, 0xbf, 0xc0, 0x00, 0x3f, 0xfd, 
	0x7e, 0x7f, 0xc0, 0x00, 0x00, 0x00, 0x03, 0x7e, 0x7f, 0xff, 0xff, 0xff, 0xff, 0xff, 0x7e, 0x7f, 
	0xff, 0xff, 0xff, 0xff, 0xff, 0x7e, 0x7f, 0xff, 0xff, 0xff, 0xff, 0xff, 0x0e, 0x7f, 0xff, 0xff, 
	0xff, 0xff, 0xff, 0xfe, 0x7f, 0xff, 0xff, 0xff, 0xff, 0xff, 0xfe, 0x3f, 0xff, 0xff, 0xff, 0xff, 
	0xff, 0xfc, 0x1f, 0xff, 0xff, 0xff, 0xff, 0xff, 0xf8, 0x00, 0x00, 0x00, 0x00, 0x00, 0x00, 0x00
};
// '12_clubs_queen', 56x80px
const unsigned char epd_bitmap_12_clubs_queen [] PROGMEM = {
	0x00, 0x00, 0x00, 0x00, 0x00, 0x00, 0x00, 0x1f, 0xff, 0xff, 0xff, 0xff, 0xff, 0xf8, 0x3f, 0xff, 
	0xff, 0xff, 0xff, 0xff, 0xfc, 0x7f, 0xff, 0xff, 0xff, 0xff, 0xff, 0xfe, 0x71, 0xff, 0xff, 0xff, 
	0xff, 0xff, 0xfe, 0x6e, 0xff, 0xff, 0xff, 0xff, 0xff, 0xfe, 0x6e, 0xff, 0xff, 0xff, 0xff, 0xff, 
	0xfe, 0x6e, 0xff, 0xff, 0xff, 0xff, 0xff, 0xfe, 0x6a, 0xc0, 0x00, 0x00, 0x00, 0x03, 0xfe, 0x6d, 
	0xbf, 0xff, 0xf0, 0x2b, 0xfd, 0xfe, 0x72, 0xbe, 0x7f, 0xe0, 0x14, 0xfd, 0xfe, 0x7f, 0xbc, 0x3f, 
	0xc0, 0x15, 0xfd, 0xfe, 0x7b, 0xbc, 0x3f, 0xc6, 0x0a, 0xfd, 0xfe, 0x71, 0xbc, 0x3f, 0xcf, 0x05, 
	0x3d, 0xfe, 0x64, 0xb2, 0x4f, 0x9f, 0x85, 0x7d, 0xfe, 0x71, 0xa0, 0x07, 0x84, 0xc2, 0xbd, 0xfe, 
	0x7b, 0xa0, 0x07, 0x0d, 0xc1, 0x4d, 0xfe, 0x71, 0xb2, 0x4e, 0x1f, 0xc1, 0x5d, 0xfe, 0x7f, 0xbc, 
	0x3e, 0x1f, 0xa0, 0xbd, 0xfe, 0x7f, 0xb8, 0x1c, 0x11, 0xb0, 0x5d, 0xfe, 0x7f, 0xbf, 0xfc, 0x1f, 
	0x70, 0x5d, 0xfe, 0x7f, 0xbf, 0xfc, 0x20, 0xf0, 0x3d, 0xfe, 0x7f, 0xbf, 0xf8, 0xff, 0xf8, 0x1d, 
	0xfe, 0x7f, 0xbd, 0xb9, 0xff, 0xfc, 0x1d, 0xfe, 0x7f, 0xbe, 0x78, 0xaa, 0xaa, 0x0d, 0xfe, 0x7f, 
	0xbe, 0x7f, 0x55, 0x56, 0x0d, 0xfe, 0x7f, 0xbd, 0xbb, 0xff, 0xff, 0x05, 0xfe, 0x7f, 0xbf, 0xf0, 
	0x8b, 0x82, 0x01, 0xfe, 0x7f, 0xbf, 0xe0, 0xa7, 0x10, 0x01, 0xfe, 0x7f, 0xbf, 0xe0, 0x8e, 0x40, 
	0x01, 0xfe, 0x7f, 0xb3, 0xd0, 0x97, 0x00, 0x01, 0xfe, 0x7f, 0xae, 0x10, 0x8e, 0x07, 0x81, 0xfe, 
	0x7f, 0xae, 0x10, 0x1c, 0x15, 0x61, 0xfe, 0x7f, 0xb4, 0x49, 0x08, 0x2a, 0xb1, 0xfe, 0x7f, 0xb0, 
	0x1f, 0x5c, 0x55, 0x59, 0xfe, 0x7f, 0xb1, 0x37, 0x4a, 0xaf, 0xad, 0xfe, 0x7f, 0xa0, 0x64, 0x1c, 
	0xd8, 0x5d, 0xfe, 0x7f, 0xa4, 0xca, 0x08, 0xb0, 0x39, 0xfe, 0x7f, 0x81, 0x85, 0x00, 0xd0, 0x31, 
	0xfe, 0x7f, 0x93, 0x06, 0x18, 0xa0, 0x61, 0xfe, 0x7f, 0x86, 0x05, 0x18, 0x60, 0xc9, 0xfe, 0x7f, 
	0x8c, 0x0b, 0x00, 0xa1, 0x81, 0xfe, 0x7f, 0x9c, 0x0d, 0x10, 0x53, 0x25, 0xfe, 0x7f, 0xba, 0x1b, 
	0x38, 0x26, 0x05, 0xfe, 0x7f, 0xb5, 0xf5, 0x12, 0xec, 0x8d, 0xfe, 0x7f, 0x9a, 0xaa, 0x3a, 0xf8, 
	0x0d, 0xfe, 0x7f, 0x8d, 0x54, 0x10, 0x92, 0x2d, 0xfe, 0x7f, 0x86, 0xa8, 0x38, 0x08, 0x75, 0xfe, 
	0x7f, 0x81, 0xe0, 0x71, 0x08, 0x75, 0xfe, 0x7f, 0x80, 0x00, 0xe9, 0x09, 0x4d, 0xfe, 0x7f, 0x80, 
	0x02, 0x71, 0x07, 0xfd, 0xfe, 0x7f, 0x80, 0x08, 0xe5, 0x07, 0xfd, 0xfe, 0x7f, 0x80, 0x41, 0xd1, 
	0x0e, 0xbd, 0xfe, 0x7f, 0xa0, 0xff, 0xff, 0xdd, 0xbd, 0xfe, 0x7f, 0xb0, 0x6a, 0xaa, 0xfe, 0x7d, 
	0xfe, 0x7f, 0xb0, 0x55, 0x55, 0x1e, 0x7d, 0xfe, 0x7f, 0xb8, 0x3f, 0xff, 0x9d, 0xbd, 0xfe, 0x7f, 
	0xb8, 0x1f, 0xff, 0x1f, 0xfd, 0xfe, 0x7f, 0xbc, 0x0f, 0x04, 0x3f, 0xfd, 0xfe, 0x7f, 0xba, 0x0e, 
	0xf8, 0x3f, 0xfd, 0xfe, 0x7f, 0xba, 0x0d, 0x88, 0x38, 0x1d, 0xfe, 0x7f, 0xbd, 0x05, 0xf8, 0x7c, 
	0x3d, 0x8e, 0x7f, 0xba, 0x83, 0xf8, 0x72, 0x4d, 0xde, 0x7f, 0xb2, 0x83, 0xb0, 0xe0, 0x05, 0x8e, 
	0x7f, 0xbd, 0x43, 0x21, 0xe0, 0x05, 0x26, 0x7f, 0xbe, 0xa1, 0xf9, 0xf2, 0x4d, 0x8e, 0x7f, 0xbc, 
	0xa0, 0xf3, 0xfc, 0x3d, 0xde, 0x7f, 0xbf, 0x50, 0x63, 0xfc, 0x3d, 0xfe, 0x7f, 0xbf, 0xa8, 0x03, 
	0xfc, 0x3d, 0x4e, 0x7f, 0xbf, 0x28, 0x07, 0xfe, 0x7d, 0xb6, 0x7f, 0xbf, 0xd4, 0x0f, 0xff, 0xfd, 
	0x56, 0x7f, 0xc0, 0x00, 0x00, 0x00, 0x03, 0x76, 0x7f, 0xff, 0xff, 0xff, 0xff, 0xff, 0x76, 0x7f, 
	0xff, 0xff, 0xff, 0xff, 0xff, 0x76, 0x7f, 0xff, 0xff, 0xff, 0xff, 0xff, 0x8e, 0x7f, 0xff, 0xff, 
	0xff, 0xff, 0xff, 0xfe, 0x7f, 0xff, 0xff, 0xff, 0xff, 0xff, 0xfe, 0x3f, 0xff, 0xff, 0xff, 0xff, 
	0xff, 0xfc, 0x1f, 0xff, 0xff, 0xff, 0xff, 0xff, 0xf8, 0x00, 0x00, 0x00, 0x00, 0x00, 0x00, 0x00
};
// '12_diamond_queen', 56x80px
const unsigned char epd_bitmap_12_diamond_queen [] PROGMEM = {
	0x00, 0x00, 0x00, 0x00, 0x00, 0x00, 0x00, 0x1f, 0xff, 0xff, 0xff, 0xff, 0xff, 0xf8, 0x3f, 0xff, 
	0xff, 0xff, 0xff, 0xff, 0xfc, 0x7f, 0xff, 0xff, 0xff, 0xff, 0xff, 0xfe, 0x71, 0xff, 0xff, 0xff, 
	0xff, 0xff, 0xfe, 0x6e, 0xff, 0xff, 0xff, 0xff, 0xff, 0xfe, 0x6e, 0xff, 0xff, 0xff, 0xff, 0xff, 
	0xfe, 0x6e, 0xff, 0xff, 0xff, 0xff, 0xff, 0xfe, 0x6a, 0xc0, 0x00, 0x00, 0x00, 0x03, 0xfe, 0x6d, 
	0xbf, 0xff, 0xc0, 0x09, 0xfd, 0xfe, 0x72, 0xbe, 0x7f, 0x80, 0x15, 0xfd, 0xfe, 0x7f, 0xbc, 0x3f, 
	0x80, 0x0b, 0xfd, 0xfe, 0x7b, 0xb8, 0x1f, 0x00, 0x02, 0x7d, 0xfe, 0x71, 0xb0, 0x0f, 0x0c, 0x01, 
	0x3d, 0xfe, 0x60, 0xa0, 0x07, 0x1f, 0x02, 0xbd, 0xfe, 0x60, 0xa0, 0x07, 0x3f, 0x81, 0x7d, 0xfe, 
	0x71, 0xb0, 0x0f, 0x24, 0xc0, 0xcd, 0xfe, 0x7b, 0xb8, 0x1f, 0x2d, 0xc0, 0x2d, 0xfe, 0x7f, 0xbc, 
	0x3f, 0x3f, 0xc0, 0x5d, 0xfe, 0x7f, 0xbe, 0x7e, 0x3f, 0xc0, 0x3d, 0xfe, 0x7f, 0xbf, 0xfc, 0x11, 
	0xc0, 0x1d, 0xfe, 0x7f, 0xbf, 0xfc, 0x1f, 0x80, 0x0d, 0xfe, 0x7f, 0xbf, 0xf8, 0x0e, 0x00, 0x0d, 
	0xfe, 0x7f, 0xbf, 0xf8, 0x00, 0x00, 0x05, 0xfe, 0x7f, 0xb6, 0xf8, 0xbf, 0xfa, 0x01, 0xfe, 0x7f, 
	0xb9, 0xf1, 0x55, 0x55, 0x01, 0xfe, 0x7f, 0xb9, 0xf2, 0xaa, 0xaa, 0x81, 0xfe, 0x7f, 0xb6, 0xf1, 
	0x55, 0x55, 0x01, 0xfe, 0x7f, 0xbf, 0xf0, 0x7f, 0xfe, 0x01, 0xfe, 0x7f, 0xbf, 0xf0, 0x88, 0x20, 
	0x01, 0xfe, 0x7f, 0xbf, 0xe0, 0x6b, 0xd0, 0x01, 0xfe, 0x7f, 0xb1, 0xf0, 0x08, 0xa0, 0x81, 0xfe, 
	0x7f, 0xb6, 0x48, 0x08, 0xa0, 0xc1, 0xfe, 0x7f, 0xad, 0xa4, 0x18, 0xa0, 0xa1, 0xfe, 0x7f, 0xa3, 
	0x54, 0x11, 0x40, 0x91, 0xfe, 0x7f, 0xbe, 0x28, 0x11, 0x41, 0x29, 0xfe, 0x7f, 0xbc, 0x94, 0x11, 
	0x41, 0x75, 0xfe, 0x7f, 0xb9, 0x32, 0x01, 0x42, 0x25, 0xfe, 0x7f, 0xb4, 0x2a, 0x00, 0xa2, 0x85, 
	0xfe, 0x7f, 0xaa, 0xa5, 0x00, 0xa4, 0x25, 0xfe, 0x7f, 0xa4, 0x25, 0x00, 0xa5, 0x55, 0xfe, 0x7f, 
	0xa1, 0x45, 0x00, 0x54, 0x2d, 0xfe, 0x7f, 0xa4, 0x42, 0x80, 0x4c, 0x9d, 0xfe, 0x7f, 0xae, 0x82, 
	0x88, 0x29, 0x3d, 0xfe, 0x7f, 0x94, 0x82, 0x88, 0x14, 0x7d, 0xfe, 0x7f, 0x89, 0x02, 0x88, 0x2a, 
	0xc5, 0xfe, 0x7f, 0x85, 0x05, 0x18, 0x25, 0xb5, 0xfe, 0x7f, 0x83, 0x05, 0x10, 0x12, 0x6d, 0xfe, 
	0x7f, 0x81, 0x05, 0x10, 0x0f, 0x8d, 0xfe, 0x7f, 0x80, 0x0b, 0xd6, 0x07, 0xfd, 0xfe, 0x7f, 0x80, 
	0x04, 0x11, 0x0f, 0xfd, 0xfe, 0x7f, 0x80, 0x7f, 0xfe, 0x0f, 0xfd, 0xfe, 0x7f, 0x80, 0xaa, 0xaa, 
	0x8f, 0x6d, 0xfe, 0x7f, 0x81, 0x55, 0x55, 0x4f, 0x9d, 0xfe, 0x7f, 0x80, 0xaa, 0xaa, 0x8f, 0x9d, 
	0xfe, 0x7f, 0x80, 0x5f, 0xfd, 0x1f, 0x6d, 0xfe, 0x7f, 0xa0, 0x00, 0x00, 0x1f, 0xfd, 0xfe, 0x7f, 
	0xb0, 0x00, 0x70, 0x1f, 0xfd, 0xfe, 0x7f, 0xb0, 0x01, 0xf8, 0x3f, 0xfd, 0xfe, 0x7f, 0xb8, 0x03, 
	0x88, 0x3f, 0xfd, 0xfe, 0x7f, 0xbc, 0x03, 0xfc, 0x7e, 0x7d, 0xfe, 0x7f, 0xaa, 0x03, 0xfc, 0xfc, 
	0x3d, 0xde, 0x7f, 0xb4, 0x03, 0xb4, 0xf8, 0x1d, 0x8e, 0x7f, 0xb3, 0x03, 0x24, 0xf0, 0x0d, 0x06, 
	0x7f, 0xbe, 0x81, 0xfc, 0xe0, 0x05, 0x06, 0x7f, 0xbd, 0x40, 0xf8, 0xe0, 0x05, 0x8e, 0x7f, 0xbc, 
	0x80, 0x30, 0xf0, 0x0d, 0xde, 0x7f, 0xbe, 0x40, 0x00, 0xf8, 0x1d, 0xfe, 0x7f, 0xbf, 0xd0, 0x01, 
	0xfc, 0x3d, 0x4e, 0x7f, 0xbf, 0xa8, 0x01, 0xfe, 0x7d, 0xb6, 0x7f, 0xbf, 0x90, 0x03, 0xff, 0xfd, 
	0x56, 0x7f, 0xc0, 0x00, 0x00, 0x00, 0x03, 0x76, 0x7f, 0xff, 0xff, 0xff, 0xff, 0xff, 0x76, 0x7f, 
	0xff, 0xff, 0xff, 0xff, 0xff, 0x76, 0x7f, 0xff, 0xff, 0xff, 0xff, 0xff, 0x8e, 0x7f, 0xff, 0xff, 
	0xff, 0xff, 0xff, 0xfe, 0x7f, 0xff, 0xff, 0xff, 0xff, 0xff, 0xfe, 0x3f, 0xff, 0xff, 0xff, 0xff, 
	0xff, 0xfc, 0x1f, 0xff, 0xff, 0xff, 0xff, 0xff, 0xf8, 0x00, 0x00, 0x00, 0x00, 0x00, 0x00, 0x00
};
// '12_heart_queen', 56x80px
const unsigned char epd_bitmap_12_heart_queen [] PROGMEM = {
	0x00, 0x00, 0x00, 0x00, 0x00, 0x00, 0x00, 0x1f, 0xff, 0xff, 0xff, 0xff, 0xff, 0xf8, 0x3f, 0xff, 
	0xff, 0xff, 0xff, 0xff, 0xfc, 0x7f, 0xff, 0xff, 0xff, 0xff, 0xff, 0xfe, 0x71, 0xff, 0xff, 0xff, 
	0xff, 0xff, 0xfe, 0x6e, 0xff, 0xff, 0xff, 0xff, 0xff, 0xfe, 0x6e, 0xff, 0xff, 0xff, 0xff, 0xff, 
	0xfe, 0x6e, 0xff, 0xff, 0xff, 0xff, 0xff, 0xfe, 0x6a, 0xc0, 0x00, 0x00, 0x00, 0x03, 0xfe, 0x6d, 
	0xbf, 0xff, 0xc4, 0x0b, 0xfd, 0xfe, 0x72, 0xb1, 0x8f, 0xce, 0x07, 0xfd, 0xfe, 0x7f, 0xa0, 0x07, 
	0xdf, 0x8b, 0xfd, 0xfe, 0x64, 0xa0, 0x07, 0xc4, 0xc5, 0xfd, 0xfe, 0x60, 0xa0, 0x07, 0x8d, 0xc2, 
	0xfd, 0xfe, 0x60, 0xb0, 0x0f, 0x9f, 0xc1, 0xfd, 0xfe, 0x60, 0xb8, 0x1f, 0x1f, 0x82, 0xfd, 0xfe, 
	0x71, 0xbc, 0x3e, 0x11, 0x81, 0x7d, 0xfe, 0x7b, 0xbe, 0x7c, 0x0f, 0x00, 0xfd, 0xfe, 0x7f, 0xbf, 
	0xf8, 0xa0, 0x61, 0xfd, 0xfe, 0x7f, 0xbf, 0xf9, 0xdf, 0xd1, 0xfd, 0xfe, 0x7f, 0xbf, 0xf2, 0xa0, 
	0x28, 0xd9, 0xfe, 0x7f, 0xbf, 0xed, 0x5f, 0xd4, 0xe5, 0xfe, 0x7f, 0xbf, 0xc6, 0xaa, 0xaa, 0x65, 
	0xfe, 0x7f, 0xbf, 0xb3, 0x55, 0x50, 0x59, 0xfe, 0x7f, 0xbf, 0x18, 0xff, 0xe0, 0x7d, 0xfe, 0x7f, 
	0xbe, 0x44, 0x0a, 0x81, 0xfd, 0xfe, 0x7f, 0xbc, 0x23, 0x07, 0x00, 0xfd, 0xfe, 0x7f, 0xbb, 0x06, 
	0xaa, 0xa3, 0x7d, 0xfe, 0x7f, 0xb4, 0x8d, 0x67, 0x02, 0xbd, 0xfe, 0x7f, 0xa4, 0x9a, 0xca, 0x83, 
	0x69, 0xfe, 0x7f, 0x83, 0x35, 0x87, 0x02, 0xc5, 0xfe, 0x7f, 0x80, 0x6b, 0x02, 0x05, 0xb1, 0xfe, 
	0x7f, 0x90, 0x56, 0x07, 0x06, 0xb9, 0xfe, 0x7f, 0x8a, 0x68, 0x02, 0x05, 0xb1, 0xfe, 0x7f, 0x80, 
	0xd0, 0x07, 0x06, 0x81, 0xfe, 0x7f, 0x98, 0xb8, 0x02, 0x05, 0x81, 0xfe, 0x7f, 0xa4, 0xa9, 0x02, 
	0x16, 0xa9, 0xfe, 0x7f, 0xa4, 0xea, 0x72, 0x95, 0x81, 0xfe, 0x7f, 0x98, 0xa4, 0x0e, 0x56, 0xa9, 
	0xfe, 0x7f, 0x80, 0xe3, 0x70, 0x25, 0x01, 0xfe, 0x7f, 0x80, 0xa4, 0x0e, 0xc7, 0x01, 0xfe, 0x7f, 
	0x95, 0x6a, 0x70, 0x25, 0x19, 0xfe, 0x7f, 0x81, 0xa9, 0x4e, 0x57, 0x25, 0xfe, 0x7f, 0x95, 0x68, 
	0x40, 0x95, 0x25, 0xfe, 0x7f, 0x81, 0xa0, 0x40, 0x1d, 0x19, 0xfe, 0x7f, 0x81, 0x60, 0xe0, 0x0b, 
	0x01, 0xfe, 0x7f, 0x8d, 0xa0, 0x40, 0x16, 0x51, 0xfe, 0x7f, 0x9d, 0x60, 0xe0, 0x6a, 0x09, 0xfe, 
	0x7f, 0x8d, 0xa0, 0x40, 0xd6, 0x01, 0xfe, 0x7f, 0xa3, 0x40, 0xe1, 0xac, 0xc1, 0xfe, 0x7f, 0x96, 
	0xc1, 0x53, 0x59, 0x25, 0xfe, 0x7f, 0xbd, 0x40, 0xe6, 0xb1, 0x2d, 0xfe, 0x7f, 0xbe, 0xc5, 0x55, 
	0x60, 0xdd, 0xfe, 0x7f, 0xbf, 0x00, 0xe0, 0xc4, 0x3d, 0xfe, 0x7f, 0xbf, 0x81, 0x50, 0x22, 0x7d, 
	0xfe, 0x7f, 0xbe, 0x07, 0xff, 0x18, 0xfd, 0xfe, 0x7f, 0x9a, 0x0a, 0xaa, 0xcd, 0xfd, 0xfe, 0x7f, 
	0xa6, 0x55, 0x55, 0x63, 0xfd, 0xfe, 0x7f, 0xa7, 0x2b, 0xfa, 0xb7, 0xfd, 0xfe, 0x7f, 0x9b, 0x14, 
	0x05, 0x4f, 0xfd, 0xfe, 0x7f, 0xbf, 0x8b, 0xfb, 0x9f, 0xfd, 0xfe, 0x7f, 0xbf, 0x86, 0x05, 0x1f, 
	0xfd, 0xde, 0x7f, 0xbf, 0x00, 0xf0, 0x3e, 0x7d, 0x8e, 0x7f, 0xbe, 0x81, 0x88, 0x7c, 0x3d, 0x06, 
	0x7f, 0xbf, 0x41, 0xf8, 0xf8, 0x1d, 0x06, 0x7f, 0xbf, 0x83, 0xf9, 0xf0, 0x0d, 0x06, 0x7f, 0xbf, 
	0x43, 0xb1, 0xe0, 0x05, 0x26, 0x7f, 0xbf, 0xa3, 0x23, 0xe0, 0x05, 0xfe, 0x7f, 0xbf, 0xd1, 0xfb, 
	0xe0, 0x05, 0x4e, 0x7f, 0xbf, 0xe0, 0x73, 0xf1, 0x8d, 0xb6, 0x7f, 0xbf, 0xd0, 0x23, 0xff, 0xfd, 
	0x56, 0x7f, 0xc0, 0x00, 0x00, 0x00, 0x03, 0x76, 0x7f, 0xff, 0xff, 0xff, 0xff, 0xff, 0x76, 0x7f, 
	0xff, 0xff, 0xff, 0xff, 0xff, 0x76, 0x7f, 0xff, 0xff, 0xff, 0xff, 0xff, 0x8e, 0x7f, 0xff, 0xff, 
	0xff, 0xff, 0xff, 0xfe, 0x7f, 0xff, 0xff, 0xff, 0xff, 0xff, 0xfe, 0x3f, 0xff, 0xff, 0xff, 0xff, 
	0xff, 0xfc, 0x1f, 0xff, 0xff, 0xff, 0xff, 0xff, 0xf8, 0x00, 0x00, 0x00, 0x00, 0x00, 0x00, 0x00
};
// '12_spade_queen', 56x80px
const unsigned char epd_bitmap_12_spade_queen [] PROGMEM = {
	0x00, 0x00, 0x00, 0x00, 0x00, 0x00, 0x00, 0x1f, 0xff, 0xff, 0xff, 0xff, 0xff, 0xf8, 0x3f, 0xff, 
	0xff, 0xff, 0xff, 0xff, 0xfc, 0x7f, 0xff, 0xff, 0xff, 0xff, 0xff, 0xfe, 0x71, 0xff, 0xff, 0xff, 
	0xff, 0xff, 0xfe, 0x6e, 0xff, 0xff, 0xff, 0xff, 0xff, 0xfe, 0x6e, 0xff, 0xff, 0xff, 0xff, 0xff, 
	0xfe, 0x6e, 0xff, 0xff, 0xff, 0xff, 0xff, 0xfe, 0x6a, 0xc0, 0x00, 0x00, 0x00, 0x03, 0xfe, 0x6d, 
	0xbf, 0xff, 0xe8, 0x08, 0xfd, 0xfe, 0x72, 0xbe, 0x7f, 0xf0, 0x1c, 0xfd, 0xfe, 0x7f, 0xbc, 0x3f, 
	0xe8, 0x7e, 0xfd, 0xfe, 0x7b, 0xb8, 0x1e, 0xd0, 0xfe, 0xfd, 0xfe, 0x71, 0xb0, 0x0f, 0xd0, 0xc8, 
	0xfd, 0xfe, 0x60, 0xa0, 0x06, 0xa0, 0xec, 0xfd, 0xfe, 0x60, 0xa0, 0x07, 0xc0, 0xfe, 0xe5, 0xfe, 
	0x7b, 0xa0, 0x07, 0xa0, 0x7e, 0xe5, 0xfe, 0x71, 0xb2, 0x4f, 0x40, 0x62, 0xfd, 0xfe, 0x7f, 0xbe, 
	0x7f, 0x80, 0xbe, 0xfd, 0xfe, 0x7f, 0xb8, 0x1f, 0x81, 0xdd, 0xfd, 0xfe, 0x7f, 0xbf, 0xff, 0x81, 
	0xe2, 0xfd, 0xfe, 0x7f, 0xad, 0xff, 0x06, 0xfd, 0xfd, 0xfe, 0x7f, 0xb3, 0xfe, 0x09, 0x02, 0xfd, 
	0xfe, 0x7f, 0xb3, 0xfc, 0x16, 0xad, 0xfd, 0xfe, 0x7f, 0xad, 0xfa, 0x29, 0x52, 0xfd, 0xfe, 0x7f, 
	0xbf, 0xfd, 0x16, 0xad, 0x7d, 0xfe, 0x7f, 0xbf, 0xc7, 0x0a, 0x00, 0xbd, 0xfe, 0x7f, 0xbf, 0x04, 
	0xc5, 0x65, 0x1d, 0xfe, 0x7f, 0xbc, 0x8a, 0xa2, 0xb4, 0xb9, 0xfe, 0x7f, 0xb0, 0x95, 0x51, 0x5d, 
	0x59, 0xfe, 0x7f, 0x91, 0x3f, 0x28, 0xaa, 0x39, 0xfe, 0x7f, 0x88, 0xd3, 0x18, 0x50, 0xd9, 0xfe, 
	0x7f, 0x85, 0xcb, 0xa6, 0x2a, 0x39, 0xfe, 0x7f, 0x9c, 0xd7, 0x55, 0x15, 0x59, 0xfe, 0x7f, 0x85, 
	0x9f, 0xaa, 0x88, 0x39, 0xfe, 0x7f, 0x8b, 0x5c, 0x55, 0x42, 0x59, 0xfe, 0x7f, 0x9f, 0xb8, 0x2a, 
	0xc2, 0x39, 0xfe, 0x7f, 0x94, 0xf0, 0x1f, 0xf0, 0x71, 0xfe, 0x7f, 0xaa, 0xff, 0xe0, 0x08, 0xf9, 
	0xfe, 0x7f, 0xbd, 0xc0, 0x00, 0x05, 0xed, 0xfe, 0x7f, 0xb7, 0xa0, 0x00, 0x03, 0xbd, 0xfe, 0x7f, 
	0x9f, 0x10, 0x07, 0xff, 0x55, 0xfe, 0x7f, 0x8e, 0x0f, 0xf8, 0x0f, 0x29, 0xfe, 0x7f, 0x9c, 0x43, 
	0x54, 0x1d, 0xf9, 0xfe, 0x7f, 0x9a, 0x42, 0xaa, 0x3a, 0xd1, 0xfe, 0x7f, 0x9c, 0x11, 0x55, 0xf9, 
	0xa1, 0xfe, 0x7f, 0x9a, 0xa8, 0xaa, 0xeb, 0x39, 0xfe, 0x7f, 0x9c, 0x54, 0x65, 0xd3, 0xa1, 0xfe, 
	0x7f, 0x9b, 0x0a, 0x18, 0xcb, 0x11, 0xfe, 0x7f, 0x9c, 0x55, 0x14, 0xfc, 0x89, 0xfe, 0x7f, 0x9a, 
	0xba, 0x8a, 0xa9, 0x0d, 0xfe, 0x7f, 0x9d, 0x2d, 0x45, 0x51, 0x3d, 0xfe, 0x7f, 0xb8, 0xa6, 0xa3, 
	0x20, 0xfd, 0xfe, 0x7f, 0xbd, 0x00, 0x50, 0xe3, 0xfd, 0xfe, 0x7f, 0xbe, 0xb5, 0x68, 0xbf, 0xfd, 
	0xfe, 0x7f, 0xbf, 0x4a, 0x94, 0x5f, 0xb5, 0xfe, 0x7f, 0xbf, 0xb5, 0x68, 0x3f, 0xcd, 0xfe, 0x7f, 
	0xbf, 0x40, 0x90, 0x7f, 0xcd, 0xfe, 0x7f, 0xbf, 0xbf, 0x60, 0xff, 0xb5, 0xfe, 0x7f, 0xbf, 0x41, 
	0x81, 0xff, 0xfd, 0xfe, 0x7f, 0xbf, 0x81, 0x81, 0xf8, 0x1d, 0xfe, 0x7f, 0xbf, 0x3c, 0x01, 0xfe, 
	0x7d, 0x8e, 0x7f, 0xbf, 0x46, 0x02, 0xf2, 0x4d, 0xde, 0x7f, 0xa7, 0x7e, 0x05, 0xe0, 0x05, 0x06, 
	0x7f, 0xa7, 0x7f, 0x03, 0xe0, 0x05, 0x06, 0x7f, 0xbf, 0x37, 0x05, 0x60, 0x05, 0x8e, 0x7f, 0xbf, 
	0x13, 0x0b, 0xf0, 0x0d, 0xde, 0x7f, 0xbf, 0x13, 0x0b, 0x78, 0x1d, 0xfe, 0x7f, 0xbf, 0x7e, 0x17, 
	0xfc, 0x3d, 0x4e, 0x7f, 0xbf, 0x38, 0x0f, 0xfe, 0x7d, 0xb6, 0x7f, 0xbf, 0x10, 0x17, 0xff, 0xfd, 
	0x56, 0x7f, 0xc0, 0x00, 0x00, 0x00, 0x03, 0x76, 0x7f, 0xff, 0xff, 0xff, 0xff, 0xff, 0x76, 0x7f, 
	0xff, 0xff, 0xff, 0xff, 0xff, 0x76, 0x7f, 0xff, 0xff, 0xff, 0xff, 0xff, 0x8e, 0x7f, 0xff, 0xff, 
	0xff, 0xff, 0xff, 0xfe, 0x7f, 0xff, 0xff, 0xff, 0xff, 0xff, 0xfe, 0x3f, 0xff, 0xff, 0xff, 0xff, 
	0xff, 0xfc, 0x1f, 0xff, 0xff, 0xff, 0xff, 0xff, 0xf8, 0x00, 0x00, 0x00, 0x00, 0x00, 0x00, 0x00
};
// '13_clubs_king', 56x80px
const unsigned char epd_bitmap_13_clubs_king [] PROGMEM = {
	0x00, 0x00, 0x00, 0x00, 0x00, 0x00, 0x00, 0x1f, 0xff, 0xff, 0xff, 0xff, 0xff, 0xf8, 0x3f, 0xff, 
	0xff, 0xff, 0xff, 0xff, 0xfc, 0x7f, 0xff, 0xff, 0xff, 0xff, 0xff, 0xfe, 0x6e, 0xff, 0xff, 0xff, 
	0xff, 0xff, 0xfe, 0x6d, 0xff, 0xff, 0xff, 0xff, 0xff, 0xfe, 0x6b, 0xff, 0xff, 0xff, 0xff, 0xff, 
	0xfe, 0x61, 0xff, 0xff, 0xff, 0xff, 0xff, 0xfe, 0x6e, 0xc0, 0x00, 0x00, 0x00, 0x03, 0xfe, 0x6e, 
	0xbf, 0xff, 0xff, 0xff, 0xfd, 0xfe, 0x6e, 0xbe, 0x7f, 0xff, 0xff, 0xfd, 0xfe, 0x7f, 0xbc, 0x3e, 
	0xbb, 0xbf, 0xfd, 0xfe, 0x7b, 0xbc, 0x3f, 0x55, 0x57, 0xfd, 0xfe, 0x71, 0xbc, 0x3f, 0x2a, 0xaf, 
	0xed, 0xfe, 0x64, 0xb2, 0x4f, 0x00, 0x0f, 0xed, 0xfe, 0x71, 0xa0, 0x07, 0x3f, 0x0f, 0xed, 0xfe, 
	0x7b, 0xa0, 0x07, 0x7f, 0x87, 0xed, 0xfe, 0x71, 0xb2, 0x4e, 0x4c, 0x87, 0xed, 0xfe, 0x7f, 0xbc, 
	0x3e, 0x5d, 0xc7, 0xed, 0xfe, 0x7f, 0xb8, 0x1e, 0x7f, 0xc3, 0xed, 0xfe, 0x7f, 0xbf, 0xfc, 0xe3, 
	0xc3, 0xed, 0xfe, 0x7f, 0xbf, 0xfa, 0xc1, 0xc1, 0xed, 0xfe, 0x7f, 0xbf, 0xfc, 0x8c, 0xe0, 0xed, 
	0xfe, 0x7f, 0xbf, 0xfa, 0x1c, 0xc0, 0xed, 0xfe, 0x7f, 0xbf, 0xfc, 0x00, 0x00, 0xed, 0xfe, 0x7f, 
	0xbf, 0xf0, 0x80, 0x00, 0x6d, 0xfe, 0x7f, 0xbf, 0xe3, 0x40, 0x00, 0x2d, 0xfe, 0x7f, 0xbf, 0xf2, 
	0xa8, 0x0b, 0x2d, 0xfe, 0x7f, 0xbf, 0xd9, 0x94, 0x31, 0x6d, 0xfe, 0x7f, 0xbf, 0xd4, 0x4a, 0x60, 
	0xad, 0xfe, 0x7f, 0xbd, 0x74, 0x3c, 0x92, 0xa9, 0xfe, 0x7f, 0xa1, 0x5d, 0x2b, 0x60, 0xa9, 0xfe, 
	0x7f, 0x81, 0xd7, 0x18, 0x85, 0x29, 0xfe, 0x7f, 0x91, 0x6d, 0x93, 0x61, 0x69, 0xfe, 0x7f, 0x81, 
	0x45, 0x08, 0x8d, 0x7d, 0xfe, 0x7f, 0x91, 0xab, 0x13, 0x65, 0x05, 0xfe, 0x7f, 0x81, 0x29, 0x90, 
	0x82, 0x39, 0xfe, 0x7f, 0x81, 0x6d, 0x8b, 0x62, 0x79, 0xfe, 0x7f, 0x81, 0xba, 0x80, 0x02, 0x61, 
	0xfe, 0x7f, 0x85, 0xc4, 0x08, 0x24, 0x99, 0xfe, 0x7f, 0x99, 0x24, 0x10, 0x23, 0xa1, 0xfe, 0x7f, 
	0x86, 0x40, 0x01, 0x5d, 0x81, 0xfe, 0x7f, 0x9e, 0x46, 0xd1, 0xb6, 0x81, 0xfe, 0x7f, 0x9c, 0x41, 
	0x09, 0x94, 0x81, 0xfe, 0x7f, 0xa0, 0xa6, 0xc8, 0xd5, 0x89, 0xfe, 0x7f, 0xbe, 0xb1, 0x10, 0xa2, 
	0x81, 0xfe, 0x7f, 0x96, 0x86, 0xc9, 0xb6, 0x89, 0xfe, 0x7f, 0x94, 0xa1, 0x18, 0xeb, 0x81, 0xfe, 
	0x7f, 0x95, 0x06, 0xd4, 0xba, 0x85, 0xfe, 0x7f, 0x95, 0x49, 0x3c, 0x2e, 0x9d, 0xfe, 0x7f, 0xb5, 
	0x06, 0x52, 0x2b, 0xfd, 0xfe, 0x7f, 0xb6, 0x8c, 0x29, 0x9b, 0xfd, 0xfe, 0x7f, 0xb4, 0xd0, 0x15, 
	0x4f, 0xfd, 0xfe, 0x7f, 0xb4, 0x00, 0x02, 0xc7, 0xfd, 0xfe, 0x7f, 0xb6, 0x00, 0x01, 0x0f, 0xfd, 
	0xfe, 0x7f, 0xb7, 0x00, 0x00, 0x3f, 0xfd, 0xfe, 0x7f, 0xb7, 0x03, 0x78, 0x1f, 0xfd, 0xfe, 0x7f, 
	0xb7, 0x07, 0x71, 0x3f, 0xfd, 0xfe, 0x7f, 0xb7, 0x83, 0x03, 0x1f, 0xfd, 0xfe, 0x7f, 0xb7, 0xc3, 
	0xc7, 0x1f, 0xfd, 0xfe, 0x7f, 0xb7, 0xc3, 0xfe, 0x58, 0x1d, 0xfe, 0x7f, 0xb7, 0xe3, 0xba, 0x1c, 
	0x3d, 0x8e, 0x7f, 0xb7, 0xe1, 0x32, 0x72, 0x4d, 0xde, 0x7f, 0xb7, 0xe1, 0xfe, 0xe0, 0x05, 0x8e, 
	0x7f, 0xb7, 0xf0, 0xfc, 0xe0, 0x05, 0x26, 0x7f, 0xb7, 0xf0, 0x00, 0xf2, 0x4d, 0x8e, 0x7f, 0xb7, 
	0xf5, 0x54, 0xfc, 0x3d, 0xde, 0x7f, 0xbf, 0xea, 0xaa, 0xfc, 0x3d, 0xfe, 0x7f, 0xbf, 0xfd, 0xdd, 
	0x7c, 0x3d, 0x76, 0x7f, 0xbf, 0xff, 0xff, 0xfe, 0x7d, 0x76, 0x7f, 0xbf, 0xff, 0xff, 0xff, 0xfd, 
	0x76, 0x7f, 0xc0, 0x00, 0x00, 0x00, 0x03, 0x86, 0x7f, 0xff, 0xff, 0xff, 0xff, 0xff, 0xd6, 0x7f, 
	0xff, 0xff, 0xff, 0xff, 0xff, 0xb6, 0x7f, 0xff, 0xff, 0xff, 0xff, 0xff, 0x76, 0x7f, 0xff, 0xff, 
	0xff, 0xff, 0xff, 0xfe, 0x7f, 0xff, 0xff, 0xff, 0xff, 0xff, 0xfe, 0x3f, 0xff, 0xff, 0xff, 0xff, 
	0xff, 0xfc, 0x1f, 0xff, 0xff, 0xff, 0xff, 0xff, 0xf8, 0x00, 0x00, 0x00, 0x00, 0x00, 0x00, 0x00
};
// '13_diamond_king', 56x80px
const unsigned char epd_bitmap_13_diamond_king [] PROGMEM = {
	0x00, 0x00, 0x00, 0x00, 0x00, 0x00, 0x00, 0x1f, 0xff, 0xff, 0xff, 0xff, 0xff, 0xf8, 0x3f, 0xff, 
	0xff, 0xff, 0xff, 0xff, 0xfc, 0x7f, 0xff, 0xff, 0xff, 0xff, 0xff, 0xfe, 0x6e, 0xff, 0xff, 0xff, 
	0xff, 0xff, 0xfe, 0x6d, 0xff, 0xff, 0xff, 0xff, 0xff, 0xfe, 0x6b, 0xff, 0xff, 0xff, 0xff, 0xff, 
	0xfe, 0x61, 0xff, 0xff, 0xff, 0xff, 0xff, 0xfe, 0x6e, 0xc0, 0x00, 0x00, 0x00, 0x03, 0xfe, 0x6e, 
	0xbf, 0xff, 0xff, 0xff, 0xfd, 0xfe, 0x6e, 0xbe, 0x7c, 0x47, 0xff, 0xfd, 0xfe, 0x7f, 0xbc, 0x3d, 
	0x54, 0xff, 0xfd, 0xfe, 0x7b, 0xb8, 0x1e, 0xaa, 0x9f, 0x79, 0xfe, 0x71, 0xb0, 0x0c, 0x05, 0x56, 
	0xf1, 0xfe, 0x60, 0xa0, 0x06, 0x00, 0x2d, 0xf1, 0xfe, 0x60, 0xa0, 0x06, 0xf0, 0x0d, 0xd1, 0xfe, 
	0x71, 0xb0, 0x0e, 0x10, 0x0d, 0xb1, 0xfe, 0x7b, 0xb8, 0x1e, 0x78, 0x0d, 0xb1, 0xfe, 0x7f, 0xbc, 
	0x3e, 0xf8, 0x0d, 0xd1, 0xfe, 0x7f, 0xbe, 0x7d, 0xf8, 0x05, 0xf1, 0xfe, 0x7f, 0xbf, 0xfc, 0x78, 
	0x06, 0xf1, 0xfe, 0x7f, 0xbf, 0xfc, 0x30, 0x07, 0x71, 0xfe, 0x7f, 0xbf, 0xfd, 0x20, 0x07, 0xf1, 
	0xfe, 0x7f, 0xbf, 0xfc, 0xe0, 0x03, 0xf1, 0xfe, 0x7f, 0xbf, 0xf8, 0x00, 0x01, 0xf1, 0xfe, 0x7f, 
	0xbf, 0xf0, 0x00, 0x1f, 0xf1, 0xfe, 0x7f, 0xa2, 0xf0, 0x00, 0x6b, 0x31, 0xfe, 0x7f, 0xad, 0x63, 
	0x01, 0xb5, 0x11, 0xfe, 0x7f, 0xaf, 0x49, 0x86, 0xc7, 0x01, 0xfe, 0x7f, 0xac, 0x20, 0xdb, 0x0a, 
	0x81, 0xfe, 0x7f, 0xb1, 0x52, 0x68, 0x0c, 0x41, 0xfe, 0x7f, 0xb2, 0xc8, 0x70, 0x14, 0x21, 0xfe, 
	0x7f, 0xa4, 0xc4, 0xb0, 0x3e, 0x11, 0xfe, 0x7f, 0x89, 0x42, 0x00, 0x2f, 0x09, 0xfe, 0x7f, 0x93, 
	0x42, 0x80, 0x73, 0x85, 0xfe, 0x7f, 0xa6, 0x82, 0x00, 0xd1, 0xc1, 0xfe, 0x7f, 0x8d, 0x82, 0x80, 
	0x60, 0xe1, 0xfe, 0x7f, 0x9b, 0x02, 0x00, 0x20, 0x75, 0xfe, 0x7f, 0xb6, 0x02, 0xbe, 0x40, 0x3d, 
	0xfe, 0x7f, 0xac, 0x02, 0x14, 0x40, 0x19, 0xfe, 0x7f, 0x98, 0x02, 0x28, 0x40, 0x35, 0xfe, 0x7f, 
	0xbc, 0x02, 0x7d, 0x40, 0x6d, 0xfe, 0x7f, 0xae, 0x04, 0x00, 0x40, 0xd9, 0xfe, 0x7f, 0x87, 0x06, 
	0x01, 0x41, 0xb1, 0xfe, 0x7f, 0x83, 0x8b, 0x00, 0x41, 0x65, 0xfe, 0x7f, 0xa1, 0xce, 0x01, 0x42, 
	0xc9, 0xfe, 0x7f, 0x90, 0xf4, 0x00, 0x42, 0x91, 0xfe, 0x7f, 0x88, 0x7c, 0x0d, 0x23, 0x25, 0xfe, 
	0x7f, 0x84, 0x28, 0x0e, 0x13, 0x4d, 0xfe, 0x7f, 0x82, 0x30, 0x16, 0x4a, 0x8d, 0xfe, 0x7f, 0x81, 
	0x50, 0xdb, 0x04, 0x35, 0xfe, 0x7f, 0x80, 0xe3, 0x61, 0x92, 0xf5, 0xfe, 0x7f, 0x88, 0xad, 0x80, 
	0xc6, 0xb5, 0xfe, 0x7f, 0x8c, 0xd6, 0x00, 0x0f, 0x45, 0xfe, 0x7f, 0x8f, 0xf8, 0x00, 0x0f, 0xfd, 
	0xfe, 0x7f, 0x8f, 0x80, 0x00, 0x1f, 0xfd, 0xfe, 0x7f, 0x8f, 0xc0, 0x07, 0x3f, 0xfd, 0xfe, 0x7f, 
	0x8f, 0xe0, 0x04, 0xbf, 0xfd, 0xfe, 0x7f, 0x8e, 0xe0, 0x0c, 0x3f, 0xfd, 0xfe, 0x7f, 0x8f, 0x60, 
	0x1e, 0x3f, 0xfd, 0xfe, 0x7f, 0x8f, 0xa0, 0x1f, 0xbe, 0x7d, 0xfe, 0x7f, 0x8b, 0xb0, 0x1f, 0x7c, 
	0x3d, 0xde, 0x7f, 0x8d, 0xb0, 0x1e, 0x78, 0x1d, 0x8e, 0x7f, 0x8d, 0xb0, 0x08, 0x70, 0x0d, 0x06, 
	0x7f, 0x8b, 0xb0, 0x0f, 0x60, 0x05, 0x06, 0x7f, 0x8f, 0xb4, 0x00, 0x60, 0x05, 0x8e, 0x7f, 0x8f, 
	0x6a, 0xa0, 0x30, 0x0d, 0xde, 0x7f, 0x9e, 0xf9, 0x55, 0x78, 0x1d, 0xfe, 0x7f, 0xbf, 0xff, 0x2a, 
	0xbc, 0x3d, 0x76, 0x7f, 0xbf, 0xff, 0xe2, 0x3e, 0x7d, 0x76, 0x7f, 0xbf, 0xff, 0xff, 0xff, 0xfd, 
	0x76, 0x7f, 0xc0, 0x00, 0x00, 0x00, 0x03, 0x86, 0x7f, 0xff, 0xff, 0xff, 0xff, 0xff, 0xd6, 0x7f, 
	0xff, 0xff, 0xff, 0xff, 0xff, 0xb6, 0x7f, 0xff, 0xff, 0xff, 0xff, 0xff, 0x76, 0x7f, 0xff, 0xff, 
	0xff, 0xff, 0xff, 0xfe, 0x7f, 0xff, 0xff, 0xff, 0xff, 0xff, 0xfe, 0x3f, 0xff, 0xff, 0xff, 0xff, 
	0xff, 0xfc, 0x1f, 0xff, 0xff, 0xff, 0xff, 0xff, 0xf8, 0x00, 0x00, 0x00, 0x00, 0x00, 0x00, 0x00
};
// '13_heart_king', 56x80px
const unsigned char epd_bitmap_13_heart_king [] PROGMEM = {
	0x00, 0x00, 0x00, 0x00, 0x00, 0x00, 0x00, 0x1f, 0xff, 0xff, 0xff, 0xff, 0xff, 0xf8, 0x3f, 0xff, 
	0xff, 0xff, 0xff, 0xff, 0xfc, 0x7f, 0xff, 0xff, 0xff, 0xff, 0xff, 0xfe, 0x6e, 0xff, 0xff, 0xff, 
	0xff, 0xff, 0xfe, 0x6d, 0xff, 0xff, 0xff, 0xff, 0xff, 0xfe, 0x6b, 0xff, 0xff, 0xff, 0xff, 0xff, 
	0xfe, 0x61, 0xff, 0xff, 0xff, 0xff, 0xff, 0xfe, 0x6e, 0xc0, 0x00, 0x00, 0x00, 0x03, 0xfe, 0x6e, 
	0xbf, 0xff, 0xff, 0xff, 0xfd, 0xfe, 0x6e, 0xb1, 0x8f, 0xd5, 0xff, 0xfd, 0xfe, 0x7f, 0xa0, 0x06, 
	0xaa, 0xdf, 0xfd, 0xfe, 0x64, 0xa0, 0x07, 0x2a, 0x9f, 0xfd, 0xfe, 0x60, 0xa0, 0x07, 0x00, 0x3f, 
	0xfd, 0xfe, 0x60, 0xb0, 0x0f, 0x00, 0x3f, 0x0d, 0xfe, 0x60, 0xb8, 0x1f, 0x7f, 0x01, 0x6d, 0xfe, 
	0x71, 0xbc, 0x3f, 0x49, 0x81, 0x6d, 0xfe, 0x7b, 0xbe, 0x7f, 0x5b, 0x9f, 0x0d, 0xfe, 0x7f, 0xbf, 
	0xff, 0x7f, 0x9f, 0x6d, 0xfe, 0x7f, 0xbf, 0xfe, 0x41, 0x1f, 0x1d, 0xfe, 0x7f, 0xbf, 0xfe, 0x00, 
	0x0f, 0xfd, 0xfe, 0x7f, 0xbf, 0xfe, 0x00, 0x0f, 0xfd, 0xfe, 0x7f, 0xbf, 0xfe, 0x00, 0x0f, 0x5d, 
	0xfe, 0x7f, 0xbf, 0xee, 0x00, 0x0f, 0x1d, 0xfe, 0x7f, 0xbf, 0xd6, 0x00, 0x1a, 0x0d, 0xfe, 0x7f, 
	0xbf, 0xeb, 0x00, 0x35, 0x01, 0xfe, 0x7f, 0xbf, 0xd7, 0x01, 0xeb, 0x81, 0xfe, 0x7f, 0xbf, 0x6a, 
	0x03, 0x56, 0xc1, 0xfe, 0x7f, 0xbe, 0xb5, 0x06, 0xad, 0x7d, 0xfe, 0x7f, 0xbd, 0x5a, 0x0d, 0x9a, 
	0xa1, 0xfe, 0x7f, 0xba, 0x9d, 0x1a, 0x75, 0x51, 0xfe, 0x7f, 0xb5, 0x06, 0x35, 0xaa, 0x99, 0xfe, 
	0x7f, 0xaa, 0x01, 0x69, 0x71, 0x55, 0xfe, 0x7f, 0x95, 0xec, 0xd0, 0xe2, 0x9d, 0xfe, 0x7f, 0xab, 
	0xfc, 0xa1, 0x45, 0x55, 0xfe, 0x7f, 0x97, 0xfd, 0x40, 0xda, 0x9d, 0xfe, 0x7f, 0xaf, 0xe2, 0x81, 
	0x65, 0x15, 0xfe, 0x7f, 0xaf, 0x03, 0x00, 0xd2, 0x1d, 0xfe, 0x7f, 0xb8, 0x03, 0x18, 0xc8, 0x15, 
	0xfe, 0x7f, 0xa8, 0x02, 0xa5, 0x60, 0x1d, 0xfe, 0x7f, 0xb8, 0x06, 0xa5, 0x40, 0x15, 0xfe, 0x7f, 
	0xa8, 0x13, 0x18, 0xc0, 0x1d, 0xfe, 0x7f, 0xb8, 0x4b, 0x00, 0xc0, 0xf5, 0xfe, 0x7f, 0xa8, 0xa6, 
	0x81, 0x47, 0xf5, 0xfe, 0x7f, 0xb9, 0x5b, 0x02, 0xbf, 0xe9, 0xfe, 0x7f, 0xaa, 0xa2, 0x85, 0x3f, 
	0xd5, 0xfe, 0x7f, 0xb9, 0x47, 0x0b, 0x37, 0xa9, 0xfe, 0x7f, 0xaa, 0x8e, 0x96, 0x80, 0x55, 0xfe, 
	0x7f, 0x99, 0x55, 0xac, 0x60, 0xad, 0xfe, 0x7f, 0x8a, 0xae, 0x58, 0xb9, 0x5d, 0xfe, 0x7f, 0x85, 
	0x59, 0xb0, 0x5a, 0xbd, 0xfe, 0x7f, 0xbe, 0xb5, 0x60, 0xad, 0x7d, 0xfe, 0x7f, 0x83, 0x6a, 0xc0, 
	0x56, 0xfd, 0xfe, 0x7f, 0x81, 0xd7, 0x80, 0xeb, 0xfd, 0xfe, 0x7f, 0x80, 0xac, 0x00, 0xd7, 0xfd, 
	0xfe, 0x7f, 0xb0, 0x58, 0x00, 0x6b, 0xfd, 0xfe, 0x7f, 0xb8, 0xf0, 0x00, 0x77, 0xfd, 0xfe, 0x7f, 
	0xba, 0xf0, 0x00, 0x7f, 0xfd, 0xfe, 0x7f, 0xbf, 0xf0, 0x00, 0x7f, 0xfd, 0xfe, 0x7f, 0xbf, 0xf0, 
	0x00, 0x7f, 0xfd, 0xfe, 0x7f, 0xb8, 0xf8, 0x82, 0x7f, 0xfd, 0xfe, 0x7f, 0xb6, 0xf9, 0xfe, 0xff, 
	0xfd, 0xde, 0x7f, 0xb0, 0xf9, 0xda, 0xfe, 0x7d, 0x8e, 0x7f, 0xb6, 0x81, 0x92, 0xfc, 0x3d, 0x06, 
	0x7f, 0xb6, 0x80, 0xfe, 0xf8, 0x1d, 0x06, 0x7f, 0xb0, 0xfc, 0x00, 0xf0, 0x0d, 0x06, 0x7f, 0xbf, 
	0xfc, 0x00, 0xe0, 0x05, 0x26, 0x7f, 0xbf, 0xf9, 0x54, 0xe0, 0x05, 0xfe, 0x7f, 0xbf, 0xfb, 0x55, 
	0x60, 0x05, 0x76, 0x7f, 0xbf, 0xff, 0xab, 0xf1, 0x8d, 0x76, 0x7f, 0xbf, 0xff, 0xff, 0xff, 0xfd, 
	0x76, 0x7f, 0xc0, 0x00, 0x00, 0x00, 0x03, 0x86, 0x7f, 0xff, 0xff, 0xff, 0xff, 0xff, 0xd6, 0x7f, 
	0xff, 0xff, 0xff, 0xff, 0xff, 0xb6, 0x7f, 0xff, 0xff, 0xff, 0xff, 0xff, 0x76, 0x7f, 0xff, 0xff, 
	0xff, 0xff, 0xff, 0xfe, 0x7f, 0xff, 0xff, 0xff, 0xff, 0xff, 0xfe, 0x3f, 0xff, 0xff, 0xff, 0xff, 
	0xff, 0xfc, 0x1f, 0xff, 0xff, 0xff, 0xff, 0xff, 0xf8, 0x00, 0x00, 0x00, 0x00, 0x00, 0x00, 0x00
};
// '13_spade_king', 56x80px
const unsigned char epd_bitmap_13_spade_king [] PROGMEM = {
	0x00, 0x00, 0x00, 0x00, 0x00, 0x00, 0x00, 0x1f, 0xff, 0xff, 0xff, 0xff, 0xff, 0xf8, 0x3f, 0xff, 
	0xff, 0xff, 0xff, 0xff, 0xfc, 0x7f, 0xff, 0xff, 0xff, 0xff, 0xff, 0xfe, 0x6e, 0xff, 0xff, 0xff, 
	0xff, 0xff, 0xfe, 0x6d, 0xff, 0xff, 0xff, 0xff, 0xff, 0xfe, 0x6b, 0xff, 0xff, 0xff, 0xff, 0xff, 
	0xfe, 0x61, 0xff, 0xff, 0xff, 0xff, 0xff, 0xfe, 0x6e, 0xc0, 0x00, 0x00, 0x00, 0x03, 0xfe, 0x6e, 
	0xbf, 0xff, 0xff, 0xff, 0xfd, 0xfe, 0x6e, 0xbe, 0x7e, 0x77, 0x73, 0xfd, 0xfe, 0x7f, 0xbc, 0x3e, 
	0xaa, 0xab, 0xfd, 0xfe, 0x7b, 0xb8, 0x1f, 0x55, 0x57, 0xfd, 0xfe, 0x71, 0xb0, 0x0f, 0x00, 0x07, 
	0xfd, 0xfe, 0x60, 0xa0, 0x07, 0x00, 0x07, 0xf5, 0xfe, 0x60, 0xa0, 0x07, 0x03, 0xe7, 0xf5, 0xfe, 
	0x7b, 0xa0, 0x07, 0x07, 0xf7, 0xf5, 0xfe, 0x71, 0xb2, 0x4f, 0x04, 0x63, 0xf5, 0xfe, 0x7f, 0xbe, 
	0x7f, 0x07, 0x77, 0xf5, 0xfe, 0x7f, 0xb8, 0x1e, 0x07, 0xd7, 0xf5, 0xfe, 0x7f, 0xbf, 0xfc, 0x07, 
	0xe7, 0xf5, 0xfe, 0x7f, 0xbf, 0xf8, 0x06, 0x87, 0xf5, 0xfe, 0x7f, 0xbf, 0xf0, 0x07, 0x73, 0xf5, 
	0xfe, 0x7f, 0xbf, 0xc0, 0x03, 0xf1, 0xf5, 0xfe, 0x7f, 0xbf, 0x80, 0x00, 0xe0, 0xf5, 0xfe, 0x7f, 
	0xbf, 0x27, 0x00, 0x00, 0xf5, 0xfe, 0x7f, 0xbe, 0x14, 0xa0, 0x01, 0x75, 0xfe, 0x7f, 0xb8, 0x44, 
	0x90, 0x04, 0x75, 0xfe, 0x7f, 0xb0, 0xaa, 0x40, 0x2a, 0xb5, 0xfe, 0x7f, 0xa0, 0x62, 0x4a, 0xad, 
	0x55, 0xfe, 0x7f, 0xa0, 0xa5, 0x55, 0x52, 0x95, 0xfe, 0x7f, 0x90, 0x51, 0x49, 0x4a, 0x95, 0xfe, 
	0x7f, 0xa8, 0xb5, 0x42, 0xb5, 0x95, 0xfe, 0x7f, 0x90, 0x51, 0x2a, 0x85, 0x15, 0xfe, 0x7f, 0x88, 
	0xaa, 0xa2, 0xa3, 0x15, 0xfe, 0x7f, 0x84, 0x50, 0xaa, 0xc1, 0x3d, 0xfe, 0x7f, 0x9a, 0x2a, 0xaa, 
	0x80, 0x41, 0xfe, 0x7f, 0xbc, 0x10, 0x63, 0xc0, 0x01, 0xfe, 0x7f, 0x82, 0x0a, 0x18, 0x00, 0x19, 
	0xfe, 0x7f, 0x98, 0x00, 0x3c, 0x40, 0x59, 0xfe, 0x7f, 0x9a, 0x02, 0x3c, 0x00, 0x19, 0xfe, 0x7f, 
	0x98, 0x00, 0x18, 0x50, 0x41, 0xfe, 0x7f, 0x80, 0x03, 0xc6, 0x08, 0x3d, 0xfe, 0x7f, 0x82, 0x01, 
	0x55, 0x54, 0x59, 0xfe, 0x7f, 0xbc, 0x83, 0x55, 0x0a, 0x21, 0xfe, 0x7f, 0xa8, 0xc5, 0x45, 0x55, 
	0x11, 0xfe, 0x7f, 0xa8, 0xa1, 0x54, 0x8a, 0x09, 0xfe, 0x7f, 0xa9, 0xad, 0x42, 0xad, 0x15, 0xfe, 
	0x7f, 0xa9, 0x52, 0x92, 0x8a, 0x09, 0xfe, 0x7f, 0xa9, 0x4a, 0xaa, 0xa5, 0x05, 0xfe, 0x7f, 0xaa, 
	0xb5, 0x52, 0x46, 0x05, 0xfe, 0x7f, 0xad, 0x54, 0x02, 0x55, 0x0d, 0xfe, 0x7f, 0xae, 0x20, 0x09, 
	0x22, 0x1d, 0xfe, 0x7f, 0xae, 0x80, 0x05, 0x28, 0x7d, 0xfe, 0x7f, 0xaf, 0x00, 0x00, 0xe4, 0xfd, 
	0xfe, 0x7f, 0xaf, 0x07, 0x00, 0x01, 0xfd, 0xfe, 0x7f, 0xaf, 0x8f, 0xc0, 0x03, 0xfd, 0xfe, 0x7f, 
	0xaf, 0xce, 0xe0, 0x0f, 0xfd, 0xfe, 0x7f, 0xaf, 0xe1, 0x60, 0x1f, 0xfd, 0xfe, 0x7f, 0xaf, 0xe7, 
	0xe0, 0x3f, 0xfd, 0xfe, 0x7f, 0xaf, 0xeb, 0xe0, 0x78, 0x1d, 0xfe, 0x7f, 0xaf, 0xee, 0xe0, 0xfe, 
	0x7d, 0x8e, 0x7f, 0xaf, 0xc6, 0x20, 0xf2, 0x4d, 0xde, 0x7f, 0xaf, 0xef, 0xe0, 0xe0, 0x05, 0x06, 
	0x7f, 0xaf, 0xe7, 0xc0, 0xe0, 0x05, 0x06, 0x7f, 0xaf, 0xe0, 0x00, 0xe0, 0x05, 0x8e, 0x7f, 0xbf, 
	0xe0, 0x00, 0xf0, 0x0d, 0xde, 0x7f, 0xbf, 0xea, 0xaa, 0xf8, 0x1d, 0xfe, 0x7f, 0xbf, 0xd5, 0x55, 
	0x7c, 0x3d, 0x76, 0x7f, 0xbf, 0xce, 0xee, 0x7e, 0x7d, 0x76, 0x7f, 0xbf, 0xff, 0xff, 0xff, 0xfd, 
	0x76, 0x7f, 0xc0, 0x00, 0x00, 0x00, 0x03, 0x86, 0x7f, 0xff, 0xff, 0xff, 0xff, 0xff, 0xd6, 0x7f, 
	0xff, 0xff, 0xff, 0xff, 0xff, 0xb6, 0x7f, 0xff, 0xff, 0xff, 0xff, 0xff, 0x76, 0x7f, 0xff, 0xff, 
	0xff, 0xff, 0xff, 0xfe, 0x7f, 0xff, 0xff, 0xff, 0xff, 0xff, 0xfe, 0x3f, 0xff, 0xff, 0xff, 0xff, 
	0xff, 0xfc, 0x1f, 0xff, 0xff, 0xff, 0xff, 0xff, 0xf8, 0x00, 0x00, 0x00, 0x00, 0x00, 0x00, 0x00
};

// Array of all bitmaps for convenience. (Total bytes used to store images in PROGMEM = 30528)
const int epd_bitmap_allArray_LEN = 53;
const unsigned char* epd_bitmap_allArray[53] = {
	epd_bitmap_00_back,
	epd_bitmap_01_clubs_ace,
	epd_bitmap_01_diamond_ace,
	epd_bitmap_01_heart_ace,
	epd_bitmap_01_spade_ace,
	epd_bitmap_02_clubs,
	epd_bitmap_02_diamond,
	epd_bitmap_02_heart,
	epd_bitmap_02_spade,
	epd_bitmap_03_clubs,
	epd_bitmap_03_diamond,
	epd_bitmap_03_heart,
	epd_bitmap_03_spade,
	epd_bitmap_04_clubs,
	epd_bitmap_04_diamond,
	epd_bitmap_04_heart,
	epd_bitmap_04_spade,
	epd_bitmap_05_clubs,
	epd_bitmap_05_diamond,
	epd_bitmap_05_heart,
	epd_bitmap_05_spade,
	epd_bitmap_06_clubs,
	epd_bitmap_06_diamond,
	epd_bitmap_06_heart,
	epd_bitmap_06_spade,
	epd_bitmap_07_clubs,
	epd_bitmap_07_diamond,
	epd_bitmap_07_heart,
	epd_bitmap_07_spade,
	epd_bitmap_08_clubs,
	epd_bitmap_08_diamond,
	epd_bitmap_08_heart,
	epd_bitmap_08_spade,
	epd_bitmap_09_clubs,
	epd_bitmap_09_diamond,
	epd_bitmap_09_heart,
	epd_bitmap_09_spade,
	epd_bitmap_10_clubs,
	epd_bitmap_10_diamond,
	epd_bitmap_10_heart,
	epd_bitmap_10_spade,
	epd_bitmap_11_clubs_jack,
	epd_bitmap_11_diamond_jack,
	epd_bitmap_11_heart_jack,
	epd_bitmap_11_spade_jack,
	epd_bitmap_12_clubs_queen,
	epd_bitmap_12_diamond_queen,
	epd_bitmap_12_heart_queen,
	epd_bitmap_12_spade_queen,
	epd_bitmap_13_clubs_king,
	epd_bitmap_13_diamond_king,
	epd_bitmap_13_heart_king,
	epd_bitmap_13_spade_king
};
